variant_id,chr_hg19,start_hg19,end_hg19,label,CADD-SV,TADA,X-CNV,StrVCTVRE,HIS-LOD,num coding gene,DEL length,DosaCNV-HI
new_1,chr1,14874,70571,0,3.705,0.0463832695082695,0.123218603432179,0.215,0.00521899699999995,1,55697,0.00089257956
new_1010,chr22,16053476,16417037,0,1.337,0.0754581439802028,0.123218603432179,0.146,0.00123994999999999,1,363561,0.005171299
new_1011,chr22,16053476,16417037,0,1.337,0.0754581439802028,0.123218603432179,0.146,0.00123994999999999,1,363561,0.005171299
new_1012,chr22,16053476,16417037,0,1.337,0.0754581439802028,0.123218603432179,0.146,0.00123994999999999,1,363561,0.005171299
new_1013,chr22,16053476,16417037,0,1.337,0.0754581439802028,0.123218603432179,0.146,0.00123994999999999,1,363561,0.005171299
new_1014,chr22,16053476,16417037,0,1.337,0.0754581439802028,0.123218603432179,0.146,0.00123994999999999,1,363561,0.005171299
new_1015,chr22,16053476,16417037,0,1.337,0.0754581439802028,0.123218603432179,0.146,0.00123994999999999,1,363561,0.005171299
new_1016,chr22,16053476,16417037,0,1.337,0.0754581439802028,0.123218603432179,0.146,0.00123994999999999,1,363561,0.005171299
new_1017,chr22,16053476,16417037,0,1.337,0.0754581439802028,0.123218603432179,0.146,0.00123994999999999,1,363561,0.005171299
new_1018,chr22,16053476,16417037,0,1.337,0.0754581439802028,0.123218603432179,0.146,0.00123994999999999,1,363561,0.005171299
new_1019,chr22,16053476,16417037,0,1.337,0.0754581439802028,0.123218603432179,0.146,0.00123994999999999,1,363561,0.005171299
new_1020,chr22,16053476,16417037,0,1.337,0.0754581439802028,0.123218603432179,0.146,0.00123994999999999,1,363561,0.005171299
new_1021,chr22,16053476,16431732,0,1.377,0.0754581439802028,0.123218603432179,0.146,0.00123994999999999,1,378256,0.005171299
new_1022,chr22,16053476,16431732,0,1.377,0.0754581439802028,0.123218603432179,0.146,0.00123994999999999,1,378256,0.005171299
new_1023,chr22,16099024,16417037,0,1.374,0.0646982649703238,0.123218603432179,0.147,0.00123994999999999,1,318013,0.005171299
new_1024,chr22,16099024,16417037,0,1.374,0.0646982649703238,0.123218603432179,0.147,0.00123994999999999,1,318013,0.005171299
new_1025,chr22,16124218,16417037,0,1.023,0.0648613665746019,0.123218603432179,0.146,0.00123994999999999,1,292819,0.005171299
new_1026,chr22,16890681,17280008,0,5.03,0.228678140215921,0.700540482997894,0.175,0.00253025001677754,2,389327,0.017795205
new_1038,chr22,18661699,18848020,0,7.776,0.477101693084441,0.123218603432179,0.179,0.00844500999999998,1,186321,0
new_1039,chr22,18661699,18848020,0,7.776,0.477101693084441,0.123218603432179,0.179,0.00844500999999998,1,186321,0
new_1040,chr22,18661699,18848020,0,7.776,0.477101693084441,0.123218603432179,0.179,0.00844500999999998,1,186321,0
new_1041,chr22,18661699,18848020,0,7.776,0.477101693084441,0.123218603432179,0.179,0.00844500999999998,1,186321,0
new_1042,chr22,18661699,18848020,0,7.776,0.477101693084441,0.123218603432179,0.179,0.00844500999999998,1,186321,0
new_1043,chr22,18661699,18848020,0,7.776,0.477101693084441,0.123218603432179,0.179,0.00844500999999998,1,186321,0
new_1044,chr22,18661699,18848020,0,7.776,0.477101693084441,0.123218603432179,0.179,0.00844500999999998,1,186321,0
new_1045,chr22,18661699,18848020,0,7.776,0.477101693084441,0.123218603432179,0.179,0.00844500999999998,1,186321,0
new_1046,chr22,18661699,18848020,0,7.776,0.477101693084441,0.123218603432179,0.179,0.00844500999999998,1,186321,0
new_1047,chr22,18661699,18848020,0,7.776,0.477101693084441,0.123218603432179,0.179,0.00844500999999998,1,186321,0
new_1048,chr22,18661699,18848020,0,7.776,0.477101693084441,0.123218603432179,0.179,0.00844500999999998,1,186321,0
new_1049,chr22,18661699,18890221,0,7.659,0.488467657193243,0.123218603432179,0.179,0.00844500999999998,1,228522,0
new_1050,chr22,18661699,18890221,0,7.659,0.488467657193243,0.123218603432179,0.179,0.00844500999999998,1,228522,0
new_1051,chr22,18661699,18890221,0,7.659,0.488467657193243,0.123218603432179,0.179,0.00844500999999998,1,228522,0
new_1053,chr22,18890162,19010531,0,17.07,0.58471285195451,0.526641428470612,0.35,0.0712533209256437,3,120369,0.14206147
new_1054,chr22,18890162,19010531,0,17.07,0.58471285195451,0.526641428470612,0.35,0.0712533209256437,3,120369,0.14206147
new_1056,chr22,19747178,19749385,0,16,0.757593155348265,0.227584004402161,0.677,0.837458407,1,2207,0.8914088
new_1057,chr22,19747566,19749385,0,11.08,0.746118880766637,0.227584004402161,0.697,0.837458407,1,1819,0.8914088
new_1058,chr22,19747566,19749385,0,11.08,0.746118880766637,0.227584004402161,0.697,0.837458407,1,1819,0.8914088
new_1059,chr22,19747566,19749385,0,11.08,0.746118880766637,0.227584004402161,0.697,0.837458407,1,1819,0.8914088
new_1060,chr22,19747566,19749385,0,11.08,0.746118880766637,0.227584004402161,0.697,0.837458407,1,1819,0.8914088
new_1061,chr22,19747566,19749385,0,11.08,0.746118880766637,0.227584004402161,0.697,0.837458407,1,1819,0.8914088
new_1062,chr22,19747566,19749385,0,11.08,0.746118880766637,0.227584004402161,0.697,0.837458407,1,1819,0.8914088
new_1063,chr22,19747566,19749385,0,11.08,0.746118880766637,0.227584004402161,0.697,0.837458407,1,1819,0.8914088
new_1064,chr22,19747566,19749385,0,11.08,0.746118880766637,0.227584004402161,0.697,0.837458407,1,1819,0.8914088
new_1065,chr22,19747566,19749385,0,11.08,0.746118880766637,0.227584004402161,0.697,0.837458407,1,1819,0.8914088
new_1066,chr22,19747566,19749385,0,11.08,0.746118880766637,0.227584004402161,0.697,0.837458407,1,1819,0.8914088
new_1067,chr22,19747566,19749385,0,11.08,0.746118880766637,0.227584004402161,0.697,0.837458407,1,1819,0.8914088
new_1069,chr22,20372828,20456618,0,4.874,0.0578992118992119,0.187354922294617,0.186,0.0107058753553537,2,83790,0
new_1070,chr22,20372828,20502607,0,4.706,0.0644305305805306,0.526641428470612,0.186,0.019060474130919,3,129779,0
new_1073,chr22,21463997,21759572,0,6.588,0.280773007400237,0.123218603432179,0.165,0.019425531313301,3,295575,0.0018417835
new_1074,chr22,21468378,21661436,0,1.434,0.275088517663967,0.123218603432179,0.178,0.00844500999999998,1,193058,0.0018417835
new_1075,chr22,21468378,21684857,0,3.838,0.27438996066541,0.123218603432179,0.174,0.00844500999999998,1,216479,0.0018417835
new_1076,chr22,21468378,21684857,0,3.838,0.27438996066541,0.123218603432179,0.174,0.00844500999999998,1,216479,0.0018417835
new_1077,chr22,21468378,21684857,0,3.838,0.27438996066541,0.123218603432179,0.174,0.00844500999999998,1,216479,0.0018417835
new_1078,chr22,21468378,21684857,0,3.838,0.27438996066541,0.123218603432179,0.174,0.00844500999999998,1,216479,0.0018417835
new_1079,chr22,21468378,21684857,0,3.838,0.27438996066541,0.123218603432179,0.174,0.00844500999999998,1,216479,0.0018417835
new_1080,chr22,21468378,21684857,0,3.838,0.27438996066541,0.123218603432179,0.174,0.00844500999999998,1,216479,0.0018417835
new_1081,chr22,21468378,21759572,0,5.853,0.276394831687061,0.123218603432179,0.165,0.019425531313301,3,291194,0.0018417835
new_1082,chr22,21468378,21900621,0,10.51,0.677994512741612,0.123218603432179,0.605,0.0892559191711539,6,432243,0.14266515
new_1083,chr22,21468378,21900621,0,10.51,0.677994512741612,0.123218603432179,0.605,0.0892559191711539,6,432243,0.14266515
new_1084,chr22,21468378,21900621,0,10.51,0.677994512741612,0.123218603432179,0.605,0.0892559191711539,6,432243,0.14266515
new_1085,chr22,21661377,21917250,0,15.22,0.789879310197886,0.187354922294617,0.596,0.899361803983339,6,255873,0.17017817
new_1086,chr22,21816593,21900621,0,0.656,0.273254618106454,0.123218603432179,0.292,0.0113971795619419,2,84028,0
new_1087,chr22,21816593,21900621,0,0.656,0.273254618106454,0.123218603432179,0.292,0.0113971795619419,2,84028,0
new_1088,chr22,21816593,21900621,0,0.656,0.273254618106454,0.123218603432179,0.292,0.0113971795619419,2,84028,0
new_1089,chr22,21816593,21900621,0,0.656,0.273254618106454,0.123218603432179,0.292,0.0113971795619419,2,84028,0
new_1090,chr22,21816593,21900621,0,0.656,0.273254618106454,0.123218603432179,0.292,0.0113971795619419,2,84028,0
new_1091,chr22,21816593,21900621,0,0.656,0.273254618106454,0.123218603432179,0.292,0.0113971795619419,2,84028,0
new_1092,chr22,21816593,21900621,0,0.656,0.273254618106454,0.123218603432179,0.292,0.0113971795619419,2,84028,0
new_1093,chr22,21816593,21900621,0,0.656,0.273254618106454,0.123218603432179,0.292,0.0113971795619419,2,84028,0
new_1094,chr22,21816593,21900621,0,0.656,0.273254618106454,0.123218603432179,0.292,0.0113971795619419,2,84028,0
new_1095,chr22,22313296,22556709,0,18.1,0.47592865692961,0.526641428470612,0.354,0.519944370542492,6,243413,0.06251168
new_1096,chr22,23012069,24995964,1,27.6,0.879624809474727,0.526641428470612,0.836,0.97877120848617,61,1983895,0.9731769
new_116,chr1,149627638,149768915,0,3.533,0.40041252743358,0.123218603432179,0.256,0.0225854356952629,3,141277,0.040703177
new_117,chr1,154012994,157048591,1,39,0.898412569356097,0.700540482997894,1,0.999999999995192,96,3035597,0.9999996
new_118,chr1,161501796,161596952,0,7.012,0.311666944643071,0.123218603432179,0.261,0.00418841732191466,3,95156,0.01462841
new_119,chr1,161501796,161596952,0,7.012,0.311666944643071,0.123218603432179,0.261,0.00418841732191466,3,95156,0.01462841
new_120,chr1,161501796,161619082,0,10.26,0.311666944643071,0.123218603432179,0.259,0.00418841732191466,3,117286,0.01462841
new_121,chr1,162080189,162357757,0,25,0.76010541631571,0.544062077999115,0.611,0.40095770597554,4,277568,0.3577286
new_123,chr1,196671205,196837707,0,13.12,0.383765973357734,0.839559257030487,0.585,0.0235498158576986,3,166502,0.1449207
new_124,chr1,196705097,196799306,0,9.027,0.405874806200158,0.839559257030487,0.598,0.0235498158576986,3,94209,0.1449207
new_125,chr1,196744921,196837707,0,1.625,0.314207271653245,0.550488114356995,0.313,0.00207149137812424,2,92786,0.030925512
new_126,chr1,196744921,196837707,0,1.625,0.314207271653245,0.550488114356995,0.313,0.00207149137812424,2,92786,0.030925512
new_127,chr1,196744921,196837707,0,1.625,0.314207271653245,0.550488114356995,0.313,0.00207149137812424,2,92786,0.030925512
new_128,chr1,196744921,196837707,0,1.625,0.314207271653245,0.550488114356995,0.313,0.00207149137812424,2,92786,0.030925512
new_129,chr1,196744921,196837707,0,1.625,0.314207271653245,0.550488114356995,0.313,0.00207149137812424,2,92786,0.030925512
new_130,chr1,196744921,196837707,0,1.625,0.314207271653245,0.550488114356995,0.313,0.00207149137812424,2,92786,0.030925512
new_131,chr1,196744921,196837707,0,1.625,0.314207271653245,0.550488114356995,0.313,0.00207149137812424,2,92786,0.030925512
new_132,chr1,196744921,196837707,0,1.625,0.314207271653245,0.550488114356995,0.313,0.00207149137812424,2,92786,0.030925512
new_133,chr1,196744921,196837707,0,1.625,0.314207271653245,0.550488114356995,0.313,0.00207149137812424,2,92786,0.030925512
new_134,chr1,196744921,196854307,0,2.798,0.354794491184659,0.550488114356995,0.313,0.00207149137812424,2,109386,0.030925512
new_138,chr2,50512908,50957337,1,24.1,0.96675945080492,0.839559257030487,0.767,0.995179441,1,444429,0.9452146
new_139,chr2,63669709,66333670,1,27.6,0.851713396178901,0.839559257030487,0.864,0.999993191588104,13,2663961,0.98148006
new_14,chr1,714084,2554008,1,30,0.799325304315143,0.839559257030487,0.926,0.958641964933737,60,1839924,0.99993306
new_148,chr2,89312472,89426738,0,0.167,0.159999759986078,0.123218603432179,0.152,0.0415178655011353,5,114266,0
new_15,chr1,13158536,13203161,0,0.11,0.0765237988087877,0.123218603432179,0.071,0.00844500999999998,1,44625,0
new_154,chr2,112046584,112592176,0,24.9,0.62820222664541,0.526641428470612,0.73,0.14646446,1,545592,0.6671854
new_155,chr2,116554900,116661972,0,9.715,0.854625236344649,0.544062077999115,0.862,0.841965077,1,107072,0.59386766
new_16,chr1,16359982,16361259,0,5.988,0.679596794364719,0.227584004402161,0.42,0.016944195,1,1277,0.5756533
new_165,chr3,35807587,35926602,0,20.8,0.68140620491052,0.544062077999115,0.51,0.628941513,1,119015,0.3567642
new_166,chr3,75643198,75888604,0,4.337,0.115006683529079,0.123218603432179,0.153,0.00164621563736678,2,245406,0.008301914
new_167,chr3,75682049,75880832,0,4.115,0.128550368732764,0.123218603432179,0.155,0.00164621563736678,2,198783,0.008301914
new_17,chr1,16359982,16361259,0,5.988,0.679596794364719,0.227584004402161,0.42,0.016944195,1,1277,0.5756533
new_18,chr1,16359982,16361259,0,5.988,0.679596794364719,0.227584004402161,0.42,0.016944195,1,1277,0.5756533
new_187,chr3,195664144,195804704,0,19.56,0.764831583697265,0.526641428470612,0.562,0.701274957,1,140560,0.5251354
new_189,chr4,33574,127278,0,5.923,0.244287152808298,0.123218603432179,0.145,0.00989116221471031,2,93704,0
new_190,chr4,33574,68215,0,0.235,0.276171151261879,0.123218603432179,0.28,0.00145846900000002,1,34641,0
new_191,chr4,33574,68215,0,0.235,0.276171151261879,0.123218603432179,0.28,0.00145846900000002,1,34641,0
new_192,chr4,33574,68215,0,0.235,0.276171151261879,0.123218603432179,0.28,0.00145846900000002,1,34641,0
new_193,chr4,33574,68215,0,0.235,0.276171151261879,0.123218603432179,0.28,0.00145846900000002,1,34641,0
new_194,chr4,33574,68215,0,0.235,0.276171151261879,0.123218603432179,0.28,0.00145846900000002,1,34641,0
new_195,chr4,33574,68215,0,0.235,0.276171151261879,0.123218603432179,0.28,0.00145846900000002,1,34641,0
new_196,chr4,33574,68215,0,0.235,0.276171151261879,0.123218603432179,0.28,0.00145846900000002,1,34641,0
new_197,chr4,33574,68215,0,0.235,0.276171151261879,0.123218603432179,0.28,0.00145846900000002,1,34641,0
new_198,chr4,33574,68215,0,0.235,0.276171151261879,0.123218603432179,0.28,0.00145846900000002,1,34641,0
new_199,chr4,33574,68215,0,0.235,0.276171151261879,0.123218603432179,0.28,0.00145846900000002,1,34641,0
new_2,chr1,14874,70571,0,3.705,0.0463832695082695,0.123218603432179,0.215,0.00521899699999995,1,55697,0.00089257956
new_200,chr4,33574,68215,0,0.235,0.276171151261879,0.123218603432179,0.28,0.00145846900000002,1,34641,0
new_201,chr4,33574,68215,0,0.235,0.276171151261879,0.123218603432179,0.28,0.00145846900000002,1,34641,0
new_202,chr4,33574,68215,0,0.235,0.276171151261879,0.123218603432179,0.28,0.00145846900000002,1,34641,0
new_203,chr4,33574,68215,0,0.235,0.276171151261879,0.123218603432179,0.28,0.00145846900000002,1,34641,0
new_204,chr4,33574,6613700,1,28.9,0.934508074762192,0.839559257030487,1,0.999995865225657,74,6580126,0.9999999
new_205,chr4,45889,127278,0,5.847,0.249611267582413,0.123218603432179,0.145,0.00989116221471031,2,81389,0
new_206,chr4,72320,124264,0,4.003,0.289115973916448,0.123218603432179,0.282,0.00145846900000002,1,51944,0
new_207,chr4,72320,127278,0,6.111,0.286868321568796,0.123218603432179,0.183,0.00989116221471031,2,54958,0
new_208,chr4,72320,127278,0,6.111,0.286868321568796,0.123218603432179,0.183,0.00989116221471031,2,54958,0
new_209,chr4,72320,127278,0,6.111,0.286868321568796,0.123218603432179,0.183,0.00989116221471031,2,54958,0
new_21,chr1,16360722,16387916,0,20.2,0.625252947656594,0.227584004402161,0.318,0.06798340604194,2,27194,0.7247587
new_211,chr4,9325621,9368410,0,0.238,0.238089111950328,0.123218603432179,0.087,0.0100063476438886,8,42789,0
new_212,chr4,9325621,9368410,0,0.238,0.238089111950328,0.123218603432179,0.087,0.0100063476438886,8,42789,0
new_213,chr4,9325621,9368410,0,0.238,0.238089111950328,0.123218603432179,0.087,0.0100063476438886,8,42789,0
new_214,chr4,9325621,9368410,0,0.238,0.238089111950328,0.123218603432179,0.087,0.0100063476438886,8,42789,0
new_215,chr4,9325621,9368410,0,0.238,0.238089111950328,0.123218603432179,0.087,0.0100063476438886,8,42789,0
new_216,chr4,9325621,9368410,0,0.238,0.238089111950328,0.123218603432179,0.087,0.0100063476438886,8,42789,0
new_217,chr4,9325621,9368410,0,0.238,0.238089111950328,0.123218603432179,0.087,0.0100063476438886,8,42789,0
new_218,chr4,9325621,9368410,0,0.238,0.238089111950328,0.123218603432179,0.087,0.0100063476438886,8,42789,0
new_219,chr4,9325621,9368410,0,0.238,0.238089111950328,0.123218603432179,0.087,0.0100063476438886,8,42789,0
new_22,chr1,16806732,16941712,0,7.016,0.190308660090253,0.123218603432179,0.492,0.00923831844307432,2,134980,0.03929937
new_220,chr4,9325621,9368410,0,0.238,0.238089111950328,0.123218603432179,0.087,0.0100063476438886,8,42789,0
new_221,chr4,9325621,9368410,0,0.238,0.238089111950328,0.123218603432179,0.087,0.0100063476438886,8,42789,0
new_222,chr4,9325621,9368410,0,0.238,0.238089111950328,0.123218603432179,0.087,0.0100063476438886,8,42789,0
new_223,chr4,9325621,9368410,0,0.238,0.238089111950328,0.123218603432179,0.087,0.0100063476438886,8,42789,0
new_224,chr4,9325621,9368410,0,0.238,0.238089111950328,0.123218603432179,0.087,0.0100063476438886,8,42789,0
new_225,chr4,9325621,9368410,0,0.238,0.238089111950328,0.123218603432179,0.087,0.0100063476438886,8,42789,0
new_226,chr4,9325621,9368410,0,0.238,0.238089111950328,0.123218603432179,0.087,0.0100063476438886,8,42789,0
new_227,chr4,9325621,9368410,0,0.238,0.238089111950328,0.123218603432179,0.087,0.0100063476438886,8,42789,0
new_228,chr4,9325621,9368410,0,0.238,0.238089111950328,0.123218603432179,0.087,0.0100063476438886,8,42789,0
new_229,chr4,9325621,9368410,0,0.238,0.238089111950328,0.123218603432179,0.087,0.0100063476438886,8,42789,0
new_23,chr1,16865892,16966101,0,7.618,0.210107637607111,0.123218603432179,0.505,0.00923831844307432,2,100209,0.03929937
new_230,chr4,9325621,9368410,0,0.238,0.238089111950328,0.123218603432179,0.087,0.0100063476438886,8,42789,0
new_231,chr4,9325621,9368410,0,0.238,0.238089111950328,0.123218603432179,0.087,0.0100063476438886,8,42789,0
new_232,chr4,9325621,9368410,0,0.238,0.238089111950328,0.123218603432179,0.087,0.0100063476438886,8,42789,0
new_233,chr4,9325621,9368410,0,0.238,0.238089111950328,0.123218603432179,0.087,0.0100063476438886,8,42789,0
new_234,chr4,9325621,9368410,0,0.238,0.238089111950328,0.123218603432179,0.087,0.0100063476438886,8,42789,0
new_235,chr4,9325621,9368410,0,0.238,0.238089111950328,0.123218603432179,0.087,0.0100063476438886,8,42789,0
new_236,chr4,9325621,9368410,0,0.238,0.238089111950328,0.123218603432179,0.087,0.0100063476438886,8,42789,0
new_237,chr4,9325621,9368410,0,0.238,0.238089111950328,0.123218603432179,0.087,0.0100063476438886,8,42789,0
new_238,chr4,9325621,9368410,0,0.238,0.238089111950328,0.123218603432179,0.087,0.0100063476438886,8,42789,0
new_239,chr4,9325621,9368410,0,0.238,0.238089111950328,0.123218603432179,0.087,0.0100063476438886,8,42789,0
new_24,chr1,16865892,16966101,0,7.618,0.210107637607111,0.123218603432179,0.505,0.00923831844307432,2,100209,0.03929937
new_240,chr4,9325621,9368410,0,0.238,0.238089111950328,0.123218603432179,0.087,0.0100063476438886,8,42789,0
new_241,chr4,9325621,9368410,0,0.238,0.238089111950328,0.123218603432179,0.087,0.0100063476438886,8,42789,0
new_242,chr4,9325621,9368410,0,0.238,0.238089111950328,0.123218603432179,0.087,0.0100063476438886,8,42789,0
new_243,chr4,9325621,9368410,0,0.238,0.238089111950328,0.123218603432179,0.087,0.0100063476438886,8,42789,0
new_244,chr4,9325621,9368410,0,0.238,0.238089111950328,0.123218603432179,0.087,0.0100063476438886,8,42789,0
new_245,chr4,9325621,9368410,0,0.238,0.238089111950328,0.123218603432179,0.087,0.0100063476438886,8,42789,0
new_246,chr4,9325621,9368410,0,0.238,0.238089111950328,0.123218603432179,0.087,0.0100063476438886,8,42789,0
new_247,chr4,9325621,9368410,0,0.238,0.238089111950328,0.123218603432179,0.087,0.0100063476438886,8,42789,0
new_248,chr4,9325621,9368410,0,0.238,0.238089111950328,0.123218603432179,0.087,0.0100063476438886,8,42789,0
new_249,chr4,9325621,9368410,0,0.238,0.238089111950328,0.123218603432179,0.087,0.0100063476438886,8,42789,0
new_25,chr1,16865892,16966101,0,7.618,0.210107637607111,0.123218603432179,0.505,0.00923831844307432,2,100209,0.03929937
new_250,chr4,9325621,9370841,0,1.006,0.237422445283662,0.123218603432179,0.089,0.0100063476438886,8,45220,0
new_251,chr4,9325621,9370984,0,0.549,0.237422445283662,0.123218603432179,0.089,0.0100063476438886,8,45363,0
new_252,chr4,9325621,9370984,0,0.549,0.237422445283662,0.123218603432179,0.089,0.0100063476438886,8,45363,0
new_253,chr4,9325621,9370984,0,0.549,0.237422445283662,0.123218603432179,0.089,0.0100063476438886,8,45363,0
new_254,chr4,9325621,9403993,0,2.654,0.239216575422529,0.123218603432179,0.049,0.0100063476438886,8,78372,0
new_255,chr4,9325621,9431506,0,1.57,0.242303185217962,0.123218603432179,0.103,0.0100063476438886,8,105885,0
new_256,chr4,9325621,9431506,0,1.57,0.242303185217962,0.123218603432179,0.103,0.0100063476438886,8,105885,0
new_257,chr4,9325621,9476265,0,2.16,0.116321322468381,0.123218603432179,0.131,0.0183668539379724,9,150644,0.0006378293
new_258,chr4,9325621,9476265,0,2.16,0.116321322468381,0.123218603432179,0.131,0.0183668539379724,9,150644,0.0006378293
new_26,chr1,16865892,16966101,0,7.618,0.210107637607111,0.123218603432179,0.505,0.00923831844307432,2,100209,0.03929937
new_262,chr4,69337290,69483285,0,13.46,0.465495162695921,0.550488114356995,0.233,0.0121030705339878,2,145995,0.07891214
new_263,chr4,69337290,69483285,0,13.46,0.465495162695921,0.550488114356995,0.233,0.0121030705339878,2,145995,0.07891214
new_264,chr4,69337290,69483285,0,13.46,0.465495162695921,0.550488114356995,0.233,0.0121030705339878,2,145995,0.07891214
new_265,chr4,69374653,69483285,0,1.8,0.178056489626755,0.550488114356995,0.217,0.00368921600000005,1,108632,0.008426547
new_266,chr4,69374653,69483285,0,1.8,0.178056489626755,0.550488114356995,0.217,0.00368921600000005,1,108632,0.008426547
new_267,chr4,69374653,69483285,0,1.8,0.178056489626755,0.550488114356995,0.217,0.00368921600000005,1,108632,0.008426547
new_268,chr4,69374653,69483285,0,1.8,0.178056489626755,0.550488114356995,0.217,0.00368921600000005,1,108632,0.008426547
new_269,chr4,69374653,69483285,0,1.8,0.178056489626755,0.550488114356995,0.217,0.00368921600000005,1,108632,0.008426547
new_27,chr1,25609498,25695970,0,21.2,0.511169399684605,0.187354922294617,0.334,0.250551251135855,3,86472,0.16651762
new_270,chr4,69374653,69483285,0,1.8,0.178056489626755,0.550488114356995,0.217,0.00368921600000005,1,108632,0.008426547
new_271,chr4,69374653,69483285,0,1.8,0.178056489626755,0.550488114356995,0.217,0.00368921600000005,1,108632,0.008426547
new_272,chr4,69374653,69483285,0,1.8,0.178056489626755,0.550488114356995,0.217,0.00368921600000005,1,108632,0.008426547
new_273,chr4,69374653,69483285,0,1.8,0.178056489626755,0.550488114356995,0.217,0.00368921600000005,1,108632,0.008426547
new_274,chr4,69374653,69483285,0,1.8,0.178056489626755,0.550488114356995,0.217,0.00368921600000005,1,108632,0.008426547
new_275,chr4,69374653,69483285,0,1.8,0.178056489626755,0.550488114356995,0.217,0.00368921600000005,1,108632,0.008426547
new_276,chr4,69374653,69483285,0,1.8,0.178056489626755,0.550488114356995,0.217,0.00368921600000005,1,108632,0.008426547
new_277,chr4,69374653,69483285,0,1.8,0.178056489626755,0.550488114356995,0.217,0.00368921600000005,1,108632,0.008426547
new_278,chr4,69374653,69483285,0,1.8,0.178056489626755,0.550488114356995,0.217,0.00368921600000005,1,108632,0.008426547
new_279,chr4,69374653,69483285,0,1.8,0.178056489626755,0.550488114356995,0.217,0.00368921600000005,1,108632,0.008426547
new_28,chr1,104107321,104247129,0,12.07,0.265633356377424,0.550488114356995,0.321,0.0766888479197353,4,139808,0.108300745
new_280,chr4,69374653,69483285,0,1.8,0.178056489626755,0.550488114356995,0.217,0.00368921600000005,1,108632,0.008426547
new_281,chr4,69374653,69483285,0,1.8,0.178056489626755,0.550488114356995,0.217,0.00368921600000005,1,108632,0.008426547
new_282,chr4,69374653,69483285,0,1.8,0.178056489626755,0.550488114356995,0.217,0.00368921600000005,1,108632,0.008426547
new_283,chr4,69374653,69483285,0,1.8,0.178056489626755,0.550488114356995,0.217,0.00368921600000005,1,108632,0.008426547
new_284,chr4,69392630,69483285,0,2.464,0.16256019519696,0.550488114356995,0.211,0.00368921600000005,1,90655,0.008426547
new_285,chr4,69392630,69483285,0,2.464,0.16256019519696,0.550488114356995,0.211,0.00368921600000005,1,90655,0.008426547
new_286,chr4,69392630,69483285,0,2.464,0.16256019519696,0.550488114356995,0.211,0.00368921600000005,1,90655,0.008426547
new_287,chr4,69392630,69483285,0,2.464,0.16256019519696,0.550488114356995,0.211,0.00368921600000005,1,90655,0.008426547
new_288,chr4,69392630,69483285,0,2.464,0.16256019519696,0.550488114356995,0.211,0.00368921600000005,1,90655,0.008426547
new_289,chr4,69392630,69483285,0,2.464,0.16256019519696,0.550488114356995,0.211,0.00368921600000005,1,90655,0.008426547
new_29,chr1,104107321,104247129,0,12.07,0.265633356377424,0.550488114356995,0.321,0.0766888479197353,4,139808,0.108300745
new_290,chr4,69392630,69483285,0,2.464,0.16256019519696,0.550488114356995,0.211,0.00368921600000005,1,90655,0.008426547
new_291,chr4,69392630,69483285,0,2.464,0.16256019519696,0.550488114356995,0.211,0.00368921600000005,1,90655,0.008426547
new_292,chr4,69392630,69483285,0,2.464,0.16256019519696,0.550488114356995,0.211,0.00368921600000005,1,90655,0.008426547
new_293,chr4,69392630,69483285,0,2.464,0.16256019519696,0.550488114356995,0.211,0.00368921600000005,1,90655,0.008426547
new_294,chr4,69392630,69483285,0,2.464,0.16256019519696,0.550488114356995,0.211,0.00368921600000005,1,90655,0.008426547
new_295,chr4,69392630,69483285,0,2.464,0.16256019519696,0.550488114356995,0.211,0.00368921600000005,1,90655,0.008426547
new_296,chr4,69392630,69483285,0,2.464,0.16256019519696,0.550488114356995,0.211,0.00368921600000005,1,90655,0.008426547
new_297,chr4,69392630,69483285,0,2.464,0.16256019519696,0.550488114356995,0.211,0.00368921600000005,1,90655,0.008426547
new_298,chr4,70117121,70224558,0,4.096,0.0581652871360318,0.550488114356995,0.132,0.00171799100000003,1,107437,0.0029551983
new_299,chr4,70153810,70224558,0,2.645,0.0753207377311883,0.550488114356995,0.286,0.00171799100000003,1,70748,0.0029551983
new_3,chr1,14874,70571,0,3.705,0.0463832695082695,0.123218603432179,0.215,0.00521899699999995,1,55697,0.00089257956
new_30,chr1,104107321,104247129,0,12.07,0.265633356377424,0.550488114356995,0.321,0.0766888479197353,4,139808,0.108300745
new_300,chr4,70153810,70224558,0,2.645,0.0753207377311883,0.550488114356995,0.286,0.00171799100000003,1,70748,0.0029551983
new_301,chr4,70153810,70224558,0,2.645,0.0753207377311883,0.550488114356995,0.286,0.00171799100000003,1,70748,0.0029551983
new_302,chr4,70153810,70224558,0,2.645,0.0753207377311883,0.550488114356995,0.286,0.00171799100000003,1,70748,0.0029551983
new_303,chr4,70153810,70224558,0,2.645,0.0753207377311883,0.550488114356995,0.286,0.00171799100000003,1,70748,0.0029551983
new_304,chr4,70153810,70224558,0,2.645,0.0753207377311883,0.550488114356995,0.286,0.00171799100000003,1,70748,0.0029551983
new_305,chr4,70156093,70239771,0,2.628,0.0747704213808719,0.550488114356995,0.298,0.00171799100000003,1,83678,0.0029551983
new_306,chr4,70156093,70239771,0,2.628,0.0747704213808719,0.550488114356995,0.298,0.00171799100000003,1,83678,0.0029551983
new_308,chr4,144825729,144967160,0,3.966,0.287394290233505,0.123218603432179,0.159,0.000803880493495668,2,141431,0.004307747
new_309,chr5,22149,10293118,1,24.5,0.935848671824136,0.839559257030487,1,0.998008270517586,45,10270969,0.99998784
new_31,chr1,104107321,104284282,0,12.07,0.345155053360239,0.550488114356995,0.341,0.0766888479197353,4,176961,0.108300745
new_310,chr5,692888,776754,0,4.095,0.571866501472384,0.123218603432179,0.186,0.000513160999999984,1,83866,0.0021079779
new_311,chr5,692888,795846,0,4.412,0.542699300862536,0.123218603432179,0.188,0.000513160999999984,1,102958,0.0021079779
new_312,chr5,692888,795846,0,4.412,0.542699300862536,0.123218603432179,0.188,0.000513160999999984,1,102958,0.0021079779
new_313,chr5,692888,795846,0,4.412,0.542699300862536,0.123218603432179,0.188,0.000513160999999984,1,102958,0.0021079779
new_314,chr5,692888,795846,0,4.412,0.542699300862536,0.123218603432179,0.188,0.000513160999999984,1,102958,0.0021079779
new_315,chr5,692888,795846,0,4.412,0.542699300862536,0.123218603432179,0.188,0.000513160999999984,1,102958,0.0021079779
new_316,chr5,692888,795846,0,4.412,0.542699300862536,0.123218603432179,0.188,0.000513160999999984,1,102958,0.0021079779
new_317,chr5,692888,795846,0,4.412,0.542699300862536,0.123218603432179,0.188,0.000513160999999984,1,102958,0.0021079779
new_318,chr5,692888,821967,0,6.148,0.546468992282227,0.123218603432179,0.19,0.00099667675118198,2,129079,0.0043578744
new_319,chr5,692888,821967,0,6.148,0.546468992282227,0.123218603432179,0.19,0.00099667675118198,2,129079,0.0043578744
new_32,chr1,104107321,104284282,0,12.07,0.345155053360239,0.550488114356995,0.341,0.0766888479197353,4,176961,0.108300745
new_320,chr5,692888,821967,0,6.148,0.546468992282227,0.123218603432179,0.19,0.00099667675118198,2,129079,0.0043578744
new_321,chr5,692888,821967,0,6.148,0.546468992282227,0.123218603432179,0.19,0.00099667675118198,2,129079,0.0043578744
new_322,chr5,692888,821967,0,6.148,0.546468992282227,0.123218603432179,0.19,0.00099667675118198,2,129079,0.0043578744
new_323,chr5,692888,821967,0,6.148,0.546468992282227,0.123218603432179,0.19,0.00099667675118198,2,129079,0.0043578744
new_324,chr5,692888,821967,0,6.148,0.546468992282227,0.123218603432179,0.19,0.00099667675118198,2,129079,0.0043578744
new_325,chr5,692888,821967,0,6.148,0.546468992282227,0.123218603432179,0.19,0.00099667675118198,2,129079,0.0043578744
new_326,chr5,692888,821967,0,6.148,0.546468992282227,0.123218603432179,0.19,0.00099667675118198,2,129079,0.0043578744
new_327,chr5,692888,821967,0,6.148,0.546468992282227,0.123218603432179,0.19,0.00099667675118198,2,129079,0.0043578744
new_328,chr5,692888,821967,0,6.148,0.546468992282227,0.123218603432179,0.19,0.00099667675118198,2,129079,0.0043578744
new_329,chr5,692888,821967,0,6.148,0.546468992282227,0.123218603432179,0.19,0.00099667675118198,2,129079,0.0043578744
new_33,chr1,104107321,104284282,0,12.07,0.345155053360239,0.550488114356995,0.341,0.0766888479197353,4,176961,0.108300745
new_330,chr5,710518,795846,0,3.881,0.295335090914692,0.123218603432179,0.356,0.000513160999999984,1,85328,0.0021079779
new_331,chr5,710518,795846,0,3.881,0.295335090914692,0.123218603432179,0.356,0.000513160999999984,1,85328,0.0021079779
new_332,chr5,710518,821967,0,5.277,0.330625564330165,0.123218603432179,0.354,0.00099667675118198,2,111449,0.0043578744
new_333,chr5,733452,821967,0,5.488,0.330625564330165,0.123218603432179,0.36,0.00099667675118198,2,88515,0.0043578744
new_337,chr5,68849603,68914415,0,2.621,0.400903515747045,0.526641428470612,0.352,0.031983418,1,64812,0.07316923
new_338,chr5,68849603,68914415,0,2.621,0.400903515747045,0.526641428470612,0.352,0.031983418,1,64812,0.07316923
new_339,chr5,68849603,70657769,0,8.946,0.444749984794112,0.839559257030487,0.294,0.0800089051674628,7,1808166,0.19588149
new_34,chr1,104160974,104284282,0,3.676,0.0721214254699549,0.550488114356995,0.344,0.0242018314902028,3,123308,0.090666175
new_340,chr5,68864176,70647478,0,8.683,0.438458903695988,0.839559257030487,0.286,0.0800089051674628,7,1783302,0.19588149
new_342,chr5,68890454,70134637,0,5.573,0.352456756948568,0.839559257030487,0.279,0.0168187018060999,2,1244183,0.10174084
new_343,chr5,68902781,70134637,0,5.435,0.332712955055444,0.550488114356995,0.279,0.0168187018060999,2,1231856,0.10174084
new_344,chr5,68914355,70316732,0,6.546,0.461040362862635,0.550488114356995,0.291,0.0415178655011353,5,1402377,0.12739992
new_346,chr5,69079437,70316732,0,6.636,0.350393514478627,0.550488114356995,0.282,0.0415178655011353,5,1237295,0.12739992
new_347,chr5,69238690,69463214,0,0.147,0.211425715900662,0.550488114356995,0.273,0.0168187018060999,2,224524,0.10174084
new_35,chr1,104160974,104284282,0,3.676,0.0721214254699549,0.550488114356995,0.344,0.0242018314902028,3,123308,0.090666175
new_352,chr5,70046669,70471774,0,7.339,0.287657751166962,0.550488114356995,0.288,0.0333545348817572,4,425105,0.034131587
new_353,chr5,70316673,70388845,0,2.837,0.409439927238149,0.526641428470612,0.337,0.0168187018060999,2,72172,0.008173585
new_354,chr5,70316673,70388845,0,2.837,0.409439927238149,0.526641428470612,0.337,0.0168187018060999,2,72172,0.008173585
new_36,chr1,104163795,104284282,0,2.616,0.0709214254699549,0.550488114356995,0.345,0.0242018314902028,3,120487,0.090666175
new_360,chr5,112155137,113946731,1,39,0.966304539559885,0.839559257030487,0.761,0.998598595644273,9,1791594,0.87948346
new_362,chr5,122442467,129980139,1,44,0.858843764977238,0.839559257030487,1,0.997049160729441,22,7537672,0.9998953
new_364,chr6,259531,293497,0,13.6,0.56716811325929,0.178361907601357,0.456,0.182900115,1,33966,0.091745794
new_365,chr6,259531,293497,0,13.6,0.56716811325929,0.178361907601357,0.456,0.182900115,1,33966,0.091745794
new_366,chr6,259531,293497,0,13.6,0.56716811325929,0.178361907601357,0.456,0.182900115,1,33966,0.091745794
new_367,chr6,259531,293497,0,13.6,0.56716811325929,0.178361907601357,0.456,0.182900115,1,33966,0.091745794
new_368,chr6,259531,293672,0,13.6,0.568096684687861,0.178361907601357,0.456,0.182900115,1,34141,0.091745794
new_369,chr6,259531,293672,0,13.6,0.568096684687861,0.178361907601357,0.456,0.182900115,1,34141,0.091745794
new_37,chr1,104163795,104284282,0,2.616,0.0709214254699549,0.550488114356995,0.345,0.0242018314902028,3,120487,0.090666175
new_370,chr6,259531,293672,0,13.6,0.568096684687861,0.178361907601357,0.456,0.182900115,1,34141,0.091745794
new_371,chr6,259531,293672,0,13.6,0.568096684687861,0.178361907601357,0.456,0.182900115,1,34141,0.091745794
new_372,chr6,259531,293672,0,13.6,0.568096684687861,0.178361907601357,0.456,0.182900115,1,34141,0.091745794
new_373,chr6,259531,293672,0,13.6,0.568096684687861,0.178361907601357,0.456,0.182900115,1,34141,0.091745794
new_374,chr6,259531,293672,0,13.6,0.568096684687861,0.178361907601357,0.456,0.182900115,1,34141,0.091745794
new_375,chr6,259531,293672,0,13.6,0.568096684687861,0.178361907601357,0.456,0.182900115,1,34141,0.091745794
new_376,chr6,259531,293672,0,13.6,0.568096684687861,0.178361907601357,0.456,0.182900115,1,34141,0.091745794
new_377,chr6,259531,293672,0,13.6,0.568096684687861,0.178361907601357,0.456,0.182900115,1,34141,0.091745794
new_378,chr6,259531,293672,0,13.6,0.568096684687861,0.178361907601357,0.456,0.182900115,1,34141,0.091745794
new_379,chr6,259531,293672,0,13.6,0.568096684687861,0.178361907601357,0.456,0.182900115,1,34141,0.091745794
new_38,chr1,104185489,104284282,0,0.639,0.0504194516268046,0.550488114356995,0.283,0.0136433451145689,2,98793,0.014475107
new_380,chr6,259531,293672,0,13.6,0.568096684687861,0.178361907601357,0.456,0.182900115,1,34141,0.091745794
new_381,chr6,259531,293672,0,13.6,0.568096684687861,0.178361907601357,0.456,0.182900115,1,34141,0.091745794
new_382,chr6,259531,296605,0,14.14,0.568618418509595,0.178361907601357,0.46,0.182900115,1,37074,0.091745794
new_383,chr6,259531,296605,0,14.14,0.568618418509595,0.178361907601357,0.46,0.182900115,1,37074,0.091745794
new_384,chr6,259531,296605,0,14.14,0.568618418509595,0.178361907601357,0.46,0.182900115,1,37074,0.091745794
new_385,chr6,259531,301899,0,13.96,0.532966530133094,0.178361907601357,0.456,0.182900115,1,42368,0.091745794
new_386,chr6,259531,301899,0,13.96,0.532966530133094,0.178361907601357,0.456,0.182900115,1,42368,0.091745794
new_387,chr6,259531,301899,0,13.96,0.532966530133094,0.178361907601357,0.456,0.182900115,1,42368,0.091745794
new_388,chr6,259531,301899,0,13.96,0.532966530133094,0.178361907601357,0.456,0.182900115,1,42368,0.091745794
new_389,chr6,259531,366719,0,15.33,0.541698779611535,0.550488114356995,0.349,0.182900115,1,107188,0.091745794
new_39,chr1,104185489,104284282,0,0.639,0.0504194516268046,0.550488114356995,0.283,0.0136433451145689,2,98793,0.014475107
new_390,chr6,259531,366719,0,15.33,0.541698779611535,0.550488114356995,0.349,0.182900115,1,107188,0.091745794
new_391,chr6,259531,366719,0,15.33,0.541698779611535,0.550488114356995,0.349,0.182900115,1,107188,0.091745794
new_392,chr6,259531,366719,0,15.33,0.541698779611535,0.550488114356995,0.349,0.182900115,1,107188,0.091745794
new_393,chr6,259531,366719,0,15.33,0.541698779611535,0.550488114356995,0.349,0.182900115,1,107188,0.091745794
new_394,chr6,259531,366719,0,15.33,0.541698779611535,0.550488114356995,0.349,0.182900115,1,107188,0.091745794
new_395,chr6,259531,366719,0,15.33,0.541698779611535,0.550488114356995,0.349,0.182900115,1,107188,0.091745794
new_396,chr6,259531,366719,0,15.33,0.541698779611535,0.550488114356995,0.349,0.182900115,1,107188,0.091745794
new_397,chr6,293438,366719,0,15.75,0.557758662333169,0.550488114356995,0.44,0.182900115,1,73281,0.091745794
new_398,chr6,296546,366719,0,16.07,0.556900820175327,0.550488114356995,0.44,0.182900115,1,70173,0.091745794
new_399,chr6,296546,366719,0,16.07,0.556900820175327,0.550488114356995,0.44,0.182900115,1,70173,0.091745794
new_4,chr1,14874,70571,0,3.705,0.0463832695082695,0.123218603432179,0.215,0.00521899699999995,1,55697,0.00089257956
new_40,chr1,104185489,104284282,0,0.639,0.0504194516268046,0.550488114356995,0.283,0.0136433451145689,2,98793,0.014475107
new_400,chr6,296546,366719,0,16.07,0.556900820175327,0.550488114356995,0.44,0.182900115,1,70173,0.091745794
new_406,chr6,29726008,29937613,0,6.046,0.472010290458117,0.187354922294617,0.34,0.0168187018060999,2,211605,0.01973027
new_407,chr6,29762140,29973537,0,6.198,0.45362897242974,0.187354922294617,0.347,0.0168187018060999,2,211397,0.01973027
new_408,chr6,31963806,32009302,0,8.408,0.693650309918728,0.178361907601357,0.579,0.0415178655011353,5,45496,0.26123667
new_409,chr6,31963806,32009302,0,8.408,0.693650309918728,0.178361907601357,0.579,0.0415178655011353,5,45496,0.26123667
new_41,chr1,104185489,104284282,0,0.639,0.0504194516268046,0.550488114356995,0.283,0.0136433451145689,2,98793,0.014475107
new_410,chr6,31963806,32009302,0,8.408,0.693650309918728,0.178361907601357,0.579,0.0415178655011353,5,45496,0.26123667
new_411,chr6,31963806,32009302,0,8.408,0.693650309918728,0.178361907601357,0.579,0.0415178655011353,5,45496,0.26123667
new_412,chr6,31963806,32009302,0,8.408,0.693650309918728,0.178361907601357,0.579,0.0415178655011353,5,45496,0.26123667
new_413,chr6,31963806,32035208,0,8.066,0.695298576880525,0.526641428470612,0.582,0.0415178655011353,5,71402,0.26123667
new_414,chr6,32456868,32594871,0,4.478,0.49394989050051,0.526641428470612,0.207,0.0290997608173234,2,138003,0.01030159
new_415,chr6,32456868,32703201,0,4.745,0.444160754894533,0.187354922294617,0.21,0.0454290424236078,4,246333,0.033860683
new_416,chr6,32456868,32703201,0,4.745,0.444160754894533,0.187354922294617,0.21,0.0454290424236078,4,246333,0.033860683
new_417,chr6,32521910,32703201,0,4.746,0.422899541494511,0.123218603432179,0.215,0.0251216777011602,3,181291,0.030121744
new_418,chr6,85779088,89113057,1,38,0.87259006819542,0.526641428470612,1,0.999994117374628,18,3333969,0.9960214
new_419,chr6,142057731,145692400,1,42,0.941958788495041,0.526641428470612,1,0.998211529336021,18,3634669,0.98260134
new_42,chr1,104185489,104284282,0,0.639,0.0504194516268046,0.550488114356995,0.283,0.0136433451145689,2,98793,0.014475107
new_420,chr6,162748246,162902391,0,21.6,0.411036536613928,0.550488114356995,0.556,0.00844500999999998,1,154145,0.4479015
new_421,chr6,167175152,171043389,1,19.29,0.926799169573553,0.526641428470612,1,0.909478257496073,26,3868237,0.93682307
new_422,chr6,168334017,168593521,0,13.5,0.756820308393655,0.526641428470612,0.724,0.0107195814779273,3,259504,0.28018963
new_424,chr7,16930561,17395474,0,34,0.780021834733894,0.544062077999115,0.776,0.232114937629301,2,464913,0.36333823
new_429,chr7,64609853,65157763,0,22.7,0.067329936769604,0.123218603432179,0.234,0.0100651543350255,2,547910,0.007072985
new_43,chr1,104185489,104284282,0,0.639,0.0504194516268046,0.550488114356995,0.283,0.0136433451145689,2,98793,0.014475107
new_430,chr7,64679713,64853103,0,5.905,0.136626649456642,0.187354922294617,0.252,0.00163394299999997,1,173390,0.004428625
new_44,chr1,104185489,104284282,0,0.639,0.0504194516268046,0.550488114356995,0.283,0.0136433451145689,2,98793,0.014475107
new_442,chr7,72652351,74193397,1,25.7,0.821309229833066,0.526641428470612,0.952,0.998296457012138,26,1541046,0.9805268
new_443,chr7,73493789,73498382,0,7.533,0.801985417523653,0.544062077999115,0.8,0.418317168,1,4593,0.18383455
new_444,chr7,73497281,73498382,0,8.088,0.797142915581151,0.544062077999115,0.798,0.418317168,1,1101,0.18383455
new_45,chr1,104185489,104284282,0,0.639,0.0504194516268046,0.550488114356995,0.283,0.0136433451145689,2,98793,0.014475107
new_456,chr7,76069915,76671218,0,17.37,0.453276911037244,0.526641428470612,0.355,0.0479770277229344,6,601303,0.19686401
new_46,chr1,104185489,104284282,0,0.639,0.0504194516268046,0.550488114356995,0.283,0.0136433451145689,2,98793,0.014475107
new_468,chr7,102155172,102301953,0,15.15,0.416306466647164,0.123218603432179,0.249,0.113074731341872,10,146781,0.2282077
new_469,chr7,102155172,102301953,0,15.15,0.416306466647164,0.123218603432179,0.249,0.113074731341872,10,146781,0.2282077
new_47,chr1,104185489,104284282,0,0.639,0.0504194516268046,0.550488114356995,0.283,0.0136433451145689,2,98793,0.014475107
new_470,chr7,102155172,102301953,0,15.15,0.416306466647164,0.123218603432179,0.249,0.113074731341872,10,146781,0.2282077
new_471,chr7,102155172,102301953,0,15.15,0.416306466647164,0.123218603432179,0.249,0.113074731341872,10,146781,0.2282077
new_472,chr7,102155172,102301953,0,15.15,0.416306466647164,0.123218603432179,0.249,0.113074731341872,10,146781,0.2282077
new_473,chr7,102155172,102301953,0,15.15,0.416306466647164,0.123218603432179,0.249,0.113074731341872,10,146781,0.2282077
new_474,chr7,102155172,102301953,0,15.15,0.416306466647164,0.123218603432179,0.249,0.113074731341872,10,146781,0.2282077
new_475,chr7,102155172,102301953,0,15.15,0.416306466647164,0.123218603432179,0.249,0.113074731341872,10,146781,0.2282077
new_476,chr7,102155172,102301953,0,15.15,0.416306466647164,0.123218603432179,0.249,0.113074731341872,10,146781,0.2282077
new_477,chr7,102155172,102301953,0,15.15,0.416306466647164,0.123218603432179,0.249,0.113074731341872,10,146781,0.2282077
new_478,chr7,102155172,102301953,0,15.15,0.416306466647164,0.123218603432179,0.249,0.113074731341872,10,146781,0.2282077
new_479,chr7,102155172,102301953,0,15.15,0.416306466647164,0.123218603432179,0.249,0.113074731341872,10,146781,0.2282077
new_48,chr1,104185489,104284282,0,0.639,0.0504194516268046,0.550488114356995,0.283,0.0136433451145689,2,98793,0.014475107
new_480,chr7,102155172,102301953,0,15.15,0.416306466647164,0.123218603432179,0.249,0.113074731341872,10,146781,0.2282077
new_481,chr7,102155172,102301953,0,15.15,0.416306466647164,0.123218603432179,0.249,0.113074731341872,10,146781,0.2282077
new_482,chr7,102155172,102301953,0,15.15,0.416306466647164,0.123218603432179,0.249,0.113074731341872,10,146781,0.2282077
new_483,chr7,102155172,102301953,0,15.15,0.416306466647164,0.123218603432179,0.249,0.113074731341872,10,146781,0.2282077
new_484,chr7,102155172,102301953,0,15.15,0.416306466647164,0.123218603432179,0.249,0.113074731341872,10,146781,0.2282077
new_485,chr7,102155172,102301953,0,15.15,0.416306466647164,0.123218603432179,0.249,0.113074731341872,10,146781,0.2282077
new_486,chr7,102155172,102301953,0,15.15,0.416306466647164,0.123218603432179,0.249,0.113074731341872,10,146781,0.2282077
new_487,chr7,102202804,102301953,0,6.242,0.313015582018601,0.123218603432179,0.23,0.0553356407614803,7,99149,0.1818378
new_49,chr1,104185489,104284282,0,0.639,0.0504194516268046,0.550488114356995,0.283,0.0136433451145689,2,98793,0.014475107
new_497,chr7,143884031,144021728,0,8.887,0.34308571732206,0.123218603432179,0.14,0.0415178655011353,5,137697,0.0015769601
new_498,chr7,143884031,144051263,0,9.513,0.34308571732206,0.123218603432179,0.143,0.0415178655011353,5,167232,0.0015769601
new_499,chr7,143884031,144051263,0,9.513,0.34308571732206,0.123218603432179,0.143,0.0415178655011353,5,167232,0.0015769601
new_5,chr1,14874,70571,0,3.705,0.0463832695082695,0.123218603432179,0.215,0.00521899699999995,1,55697,0.00089257956
new_50,chr1,104185489,104284282,0,0.639,0.0504194516268046,0.550488114356995,0.283,0.0136433451145689,2,98793,0.014475107
new_500,chr7,143884031,144051263,0,9.513,0.34308571732206,0.123218603432179,0.143,0.0415178655011353,5,167232,0.0015769601
new_501,chr7,143884031,144051263,0,9.513,0.34308571732206,0.123218603432179,0.143,0.0415178655011353,5,167232,0.0015769601
new_502,chr7,143884031,144051263,0,9.513,0.34308571732206,0.123218603432179,0.143,0.0415178655011353,5,167232,0.0015769601
new_503,chr7,143884031,144051263,0,9.513,0.34308571732206,0.123218603432179,0.143,0.0415178655011353,5,167232,0.0015769601
new_504,chr7,143884031,144051263,0,9.513,0.34308571732206,0.123218603432179,0.143,0.0415178655011353,5,167232,0.0015769601
new_505,chr7,143884031,144051263,0,9.513,0.34308571732206,0.123218603432179,0.143,0.0415178655011353,5,167232,0.0015769601
new_506,chr7,143884031,144051263,0,9.513,0.34308571732206,0.123218603432179,0.143,0.0415178655011353,5,167232,0.0015769601
new_507,chr7,143884031,144088531,0,16.63,0.277413897537621,0.123218603432179,0.184,0.0496122567117996,6,204500,0.0060203075
new_508,chr7,143884031,144106848,0,18.24,0.271463831633453,0.550488114356995,0.203,0.0576382907077458,7,222817,0.16250819
new_509,chr7,143952330,144051263,0,8.192,0.225545695523946,0.123218603432179,0.141,0.0251216777011602,3,98933,0.0011565089
new_51,chr1,104185489,104284282,0,0.639,0.0504194516268046,0.550488114356995,0.283,0.0136433451145689,2,98793,0.014475107
new_512,chr8,7110810,7430402,0,1.878,0.034889562071915,0.123218603432179,0.161,0.104390981744523,13,319592,0.007072687
new_513,chr8,7110810,7430402,0,1.878,0.034889562071915,0.123218603432179,0.161,0.104390981744523,13,319592,0.007072687
new_518,chr8,7158248,7403699,0,0.603,0.0532753780103625,0.123218603432179,0.165,0.0890703272115667,11,245451,0.007072687
new_519,chr8,7158248,7430402,0,0.858,0.0454589847417953,0.123218603432179,0.167,0.104390981744523,13,272154,0.007072687
new_520,chr8,7214262,7403699,0,0.816,0.0479743909042603,0.123218603432179,0.166,0.0734875912898189,9,189437,0.007072687
new_521,chr8,7239471,7430402,0,1.057,0.0452302732572015,0.123218603432179,0.166,0.0813119978465005,10,190931,0.00394547
new_522,chr8,7239471,7430402,0,1.057,0.0452302732572015,0.123218603432179,0.166,0.0813119978465005,10,190931,0.00394547
new_523,chr8,7239471,7430402,0,1.057,0.0452302732572015,0.123218603432179,0.166,0.0813119978465005,10,190931,0.00394547
new_524,chr8,7258752,7403699,0,0.158,0.0494978981160028,0.123218603432179,0.164,0.065596544766336,8,144947,0.00394547
new_525,chr8,7258752,7403699,0,0.158,0.0494978981160028,0.123218603432179,0.164,0.065596544766336,8,144947,0.00394547
new_526,chr8,7258752,7403699,0,0.158,0.0494978981160028,0.123218603432179,0.164,0.065596544766336,8,144947,0.00394547
new_527,chr8,7258752,7430402,0,0.173,0.0682825135006182,0.123218603432179,0.168,0.0813119978465005,10,171650,0.00394547
new_532,chr8,7572193,7881293,0,1.48,0.140013235294118,0.123218603432179,0.117,0.136122591955879,18,309100,0.0051251054
new_533,chr8,7572193,7891802,0,0.084,0.139952629233512,0.123218603432179,0.117,0.136122591955879,18,319609,0.0051251054
new_538,chr8,7579841,7786759,0,1.591,0.146913840244723,0.123218603432179,0.123,0.106314114928942,14,206918,0.004077196
new_539,chr8,7579841,7786759,0,1.591,0.146913840244723,0.123218603432179,0.123,0.106314114928942,14,206918,0.004077196
new_540,chr8,7579841,7786759,0,1.591,0.146913840244723,0.123218603432179,0.123,0.106314114928942,14,206918,0.004077196
new_541,chr8,7579841,7806222,0,1.588,0.142685268816151,0.123218603432179,0.123,0.113861301165226,15,226381,0.0051251054
new_542,chr8,7632386,7786759,0,1.894,0.146913840244723,0.123218603432179,0.125,0.0596618155248537,8,154373,0.004077196
new_543,chr8,7632386,7786759,0,1.894,0.146913840244723,0.123218603432179,0.125,0.0596618155248537,8,154373,0.004077196
new_544,chr8,7632386,7786759,0,1.894,0.146913840244723,0.123218603432179,0.125,0.0596618155248537,8,154373,0.004077196
new_545,chr8,7632386,7806222,0,1.786,0.142685268816151,0.123218603432179,0.124,0.0676029808961282,9,173836,0.0051251054
new_546,chr8,7632386,7806222,0,1.786,0.142685268816151,0.123218603432179,0.124,0.0676029808961282,9,173836,0.0051251054
new_547,chr8,7632386,7838942,0,1.522,0.140862108642991,0.123218603432179,0.117,0.0832846883253325,11,206556,0.0051251054
new_548,chr8,8111100,8189212,0,5.406,0.160037018293941,0.526641428470612,0.336,0.00844500999999998,1,78112,0
new_549,chr8,8130466,11860379,1,34,0.80767428407766,0.839559257030487,1,0.932032123223149,28,3729913,0.99893016
new_550,chr8,11967774,12040441,0,3.199,0.158582860113743,0.123218603432179,0.108,0.0251216777011602,3,72667,0
new_551,chr8,11967774,12040441,0,3.199,0.158582860113743,0.123218603432179,0.108,0.0251216777011602,3,72667,0
new_561,chr9,12934,19748412,1,28,0.907739683259074,0.839559257030487,1,1,63,19735478,1
new_562,chr9,204090,271114,0,16.47,0.85772895916535,0.123218603432179,0.285,0.209041054,1,67024,0.8458679
new_578,chr9,39156898,39267719,0,1.736,0.0707999849823379,0.550488114356995,0.608,0.00391492299999996,1,110821,0.04660815
new_619,chr9,47199215,47312281,0,1.258,0.148494027654995,0.123218603432179,0.5,0.00844500999999998,1,113066,0
new_620,chr9,47199215,47312281,0,1.258,0.148494027654995,0.123218603432179,0.5,0.00844500999999998,1,113066,0
new_654,chr9,115379530,115588349,0,33,0.715374908132836,0.544062077999115,0.473,0.75397400305218,3,208819,0.203125
new_655,chr9,115379530,115588349,0,33,0.715374908132836,0.544062077999115,0.473,0.75397400305218,3,208819,0.203125
new_656,chr9,129372731,129378392,0,9.729,0.873303284177123,0.853755831718445,0.636,0.954090487,1,5661,0.86845255
new_657,chr9,129374436,129376965,0,12.24,0.8638516608005,0.700540482997894,0.683,0.954090487,1,2529,0.86845255
new_658,chr9,129374436,129376965,0,12.24,0.8638516608005,0.700540482997894,0.683,0.954090487,1,2529,0.86845255
new_659,chr9,129374436,129376965,0,12.24,0.8638516608005,0.700540482997894,0.683,0.954090487,1,2529,0.86845255
new_660,chr9,129374436,129376965,0,12.24,0.8638516608005,0.700540482997894,0.683,0.954090487,1,2529,0.86845255
new_661,chr9,129374436,129378392,0,14.21,0.873303284177123,0.853755831718445,0.637,0.954090487,1,3956,0.86845255
new_662,chr9,129374436,129378392,0,14.21,0.873303284177123,0.853755831718445,0.637,0.954090487,1,3956,0.86845255
new_672,chr10,46566648,46712703,0,0.22,0.0359159122694454,0.123218603432179,0.263,0.00174518599999995,1,146055,0.006047845
new_680,chr10,47596452,47702451,0,3.784,0.109925491922564,0.123218603432179,0.256,0.000107209000000053,1,105999,0
new_681,chr10,47633851,47719956,0,3.824,0.115536721542617,0.123218603432179,0.284,0.000107209000000053,1,86105,0
new_693,chr10,135243073,135377390,0,5.78,0.236926795963792,0.526641428470612,0.307,0.0477557240031699,4,134317,0.061871648
new_694,chr10,135243073,135377390,0,5.78,0.236926795963792,0.526641428470612,0.307,0.0477557240031699,4,134317,0.061871648
new_695,chr10,135243073,135377390,0,5.78,0.236926795963792,0.526641428470612,0.307,0.0477557240031699,4,134317,0.061871648
new_696,chr10,135243073,135377390,0,5.78,0.236926795963792,0.526641428470612,0.307,0.0477557240031699,4,134317,0.061871648
new_697,chr10,135279381,135377390,0,5.526,0.236926795963792,0.187354922294617,0.363,0.0477557240031699,4,98009,0.061871648
new_698,chr10,135281699,135377390,0,5.367,0.236926795963792,0.550488114356995,0.367,0.0396455208229751,3,95691,0.061871648
new_699,chr11,4262809,4367293,0,0.548,0.207320354916778,0.123218603432179,0.058,0.0251216777011602,3,104484,0
new_700,chr11,4262809,4367293,0,0.548,0.207320354916778,0.123218603432179,0.058,0.0251216777011602,3,104484,0
new_701,chr11,4262809,4367293,0,0.548,0.207320354916778,0.123218603432179,0.058,0.0251216777011602,3,104484,0
new_702,chr11,10172921,14068957,1,37,0.869121780460804,0.544062077999115,1,0.999999974499339,23,3896036,0.9731267
new_703,chr11,70853054,71295265,1,15.5,0.632704912646517,0.700540482997894,0.677,0.232627065970709,8,442211,0.9604972
new_704,chr11,70853054,71295265,1,15.5,0.632704912646517,0.700540482997894,0.677,0.232627065970709,8,442211,0.9604972
new_705,chr11,71331176,71538000,0,7.742,0.160406230391999,0.123218603432179,0.112,0.00844500999999998,1,206824,0
new_706,chr11,89497967,89546156,0,1.542,0.0315422758782799,0.123218603432179,0.135,0.000630372000000046,1,48189,0.0004271865
new_707,chr11,106493984,113862167,1,38,0.873437807489306,0.839559257030487,1,0.999999999997382,59,7368183,0.9999998
new_710,chr12,8007807,8118098,0,14.9,0.458131460696167,0.839559257030487,0.359,0.0242422878249733,2,110291,0.48973936
new_711,chr12,8007807,8118098,0,14.9,0.458131460696167,0.839559257030487,0.359,0.0242422878249733,2,110291,0.48973936
new_712,chr12,8007807,8145267,0,13.58,0.433661757197051,0.839559257030487,0.359,0.0242422878249733,2,137460,0.48973936
new_713,chr12,8333578,8580728,0,6.447,0.230503467370263,0.123218603432179,0.121,0.000638585999999997,1,247150,0.0011104345
new_724,chr12,63931234,64116537,0,16.74,0.241485587288529,0.187354922294617,0.495,0.00964361700000005,1,185303,0.33245784
new_725,chr12,63931234,64116537,0,16.74,0.241485587288529,0.187354922294617,0.495,0.00964361700000005,1,185303,0.33245784
new_726,chr12,63931234,64116537,0,16.74,0.241485587288529,0.187354922294617,0.495,0.00964361700000005,1,185303,0.33245784
new_727,chr12,63947735,64116537,0,7.32,0.24040073880368,0.187354922294617,0.495,0.00964361700000005,1,168802,0.33245784
new_731,chr14,19373470,19740075,0,1.583,0.250456378416905,0.123218603432179,0.118,0.00372419524929113,2,366605,0.00047659874
new_732,chr14,19373470,19740075,0,1.583,0.250456378416905,0.123218603432179,0.118,0.00372419524929113,2,366605,0.00047659874
new_733,chr14,19373470,19756608,0,4.191,0.250456378416905,0.123218603432179,0.12,0.00372419524929113,2,383138,0.00047659874
new_745,chr14,19805189,20186544,0,0.314,0.0561538061611591,0.123218603432179,0.128,0.00936816256901485,2,381355,0.0005655885
new_746,chr14,19805189,20186544,0,0.314,0.0561538061611591,0.123218603432179,0.128,0.00936816256901485,2,381355,0.0005655885
new_747,chr14,19805189,20186544,0,0.314,0.0561538061611591,0.123218603432179,0.128,0.00936816256901485,2,381355,0.0005655885
new_748,chr14,20146507,20406327,0,5.277,0.0944657045848963,0.187354922294617,0.116,0.188905602450167,8,259820,0.0159899
new_749,chr14,20146507,20406327,0,5.277,0.0944657045848963,0.187354922294617,0.116,0.188905602450167,8,259820,0.0159899
new_750,chr14,20201260,20406327,0,5.499,0.0944657045848963,0.187354922294617,0.114,0.181997563695551,7,205067,0.0159899
new_751,chr14,20201260,20406327,0,5.499,0.0944657045848963,0.187354922294617,0.114,0.181997563695551,7,205067,0.0159899
new_752,chr14,20201260,20406327,0,5.499,0.0944657045848963,0.187354922294617,0.114,0.181997563695551,7,205067,0.0159899
new_753,chr14,20201260,20406327,0,5.499,0.0944657045848963,0.187354922294617,0.114,0.181997563695551,7,205067,0.0159899
new_754,chr14,20201260,20406327,0,5.499,0.0944657045848963,0.187354922294617,0.114,0.181997563695551,7,205067,0.0159899
new_755,chr14,20217284,20406327,0,5.274,0.0906992225375319,0.187354922294617,0.113,0.166257705597423,6,189043,0.014792442
new_756,chr14,20253501,20406327,0,4.81,0.111227427665737,0.187354922294617,0.116,0.119297184479124,5,152826,0.012090921
new_757,chr14,22441988,22980175,0,29.1,0.199105070414017,0.123218603432179,0.097,0.413917598092913,63,538187,0
new_758,chr14,22468548,22980175,0,27.1,0.199771737080683,0.123218603432179,0.096,0.398814817704574,60,511627,0
new_759,chr14,73954343,74061218,0,24.2,0.538486643467986,0.526641428470612,0.187,0.060755765969031,5,106875,0.04440832
new_760,chr14,106057624,106226975,0,11.66,0.224171894995805,0.123218603432179,0.177,0.0415178655011353,5,169351,0
new_761,chr14,106098601,106226975,0,6.782,0.186875632113464,0.123218603432179,0.184,0.0251216777011602,3,128374,0
new_762,chr14,106098601,106226975,0,6.782,0.186875632113464,0.123218603432179,0.184,0.0251216777011602,3,128374,0
new_763,chr14,106602112,106786233,0,0.335,0.0650795208008366,0.123218603432179,0.169,0.0734875912898189,9,184121,0
new_764,chr14,106764132,106876188,0,0.101,0.0897913395992038,0.123218603432179,0.177,0.0576382907077458,7,112056,0
new_765,chr14,106786174,106876188,0,0.297,0.107827565515257,0.123218603432179,0.176,0.0496122567117996,6,90014,0
new_766,chr14,106786174,106876188,0,0.297,0.107827565515257,0.123218603432179,0.176,0.0496122567117996,6,90014,0
new_767,chr14,106786174,106923671,0,0.433,0.111201175238867,0.123218603432179,0.174,0.0576382907077458,7,137497,0
new_768,chr14,106831508,106923671,0,0.213,0.118304494142186,0.123218603432179,0.156,0.0251216777011602,3,92163,0
new_769,chr14,107148712,107175253,0,4.096,0.0916930967247602,0.123218603432179,0.174,0.0168187018060999,2,26541,0
new_770,chr14,107148712,107175253,0,4.096,0.0916930967247602,0.123218603432179,0.174,0.0168187018060999,2,26541,0
new_771,chr14,107148712,107175253,0,4.096,0.0916930967247602,0.123218603432179,0.174,0.0168187018060999,2,26541,0
new_772,chr14,107148712,107175253,0,4.096,0.0916930967247602,0.123218603432179,0.174,0.0168187018060999,2,26541,0
new_773,chr14,107148712,107180183,0,3.838,0.0926930967247602,0.123218603432179,0.166,0.0333545348817572,4,31471,0
new_774,chr14,107148712,107180183,0,3.838,0.0926930967247602,0.123218603432179,0.166,0.0333545348817572,4,31471,0
new_775,chr14,107148712,107180183,0,3.838,0.0926930967247602,0.123218603432179,0.166,0.0333545348817572,4,31471,0
new_776,chr14,107148712,107180183,0,3.838,0.0926930967247602,0.123218603432179,0.166,0.0333545348817572,4,31471,0
new_777,chr14,107148712,107180183,0,3.838,0.0926930967247602,0.123218603432179,0.166,0.0333545348817572,4,31471,0
new_778,chr14,107148712,107182881,0,3.068,0.0942645252961888,0.123218603432179,0.166,0.0333545348817572,4,34169,0
new_779,chr14,107148712,107182881,0,3.068,0.0942645252961888,0.123218603432179,0.166,0.0333545348817572,4,34169,0
new_780,chr14,107148712,107182881,0,3.068,0.0942645252961888,0.123218603432179,0.166,0.0333545348817572,4,34169,0
new_781,chr14,107148712,107182881,0,3.068,0.0942645252961888,0.123218603432179,0.166,0.0333545348817572,4,34169,0
new_782,chr14,107148712,107182881,0,3.068,0.0942645252961888,0.123218603432179,0.166,0.0333545348817572,4,34169,0
new_783,chr14,107148712,107182881,0,3.068,0.0942645252961888,0.123218603432179,0.166,0.0333545348817572,4,34169,0
new_784,chr14,107148712,107182881,0,3.068,0.0942645252961888,0.123218603432179,0.166,0.0333545348817572,4,34169,0
new_785,chr14,107148712,107182881,0,3.068,0.0942645252961888,0.123218603432179,0.166,0.0333545348817572,4,34169,0
new_786,chr14,107148712,107182881,0,3.068,0.0942645252961888,0.123218603432179,0.166,0.0333545348817572,4,34169,0
new_787,chr14,107148712,107182881,0,3.068,0.0942645252961888,0.123218603432179,0.166,0.0333545348817572,4,34169,0
new_788,chr14,107148712,107182881,0,3.068,0.0942645252961888,0.123218603432179,0.166,0.0333545348817572,4,34169,0
new_789,chr14,107148712,107182881,0,3.068,0.0942645252961888,0.123218603432179,0.166,0.0333545348817572,4,34169,0
new_790,chr14,107148712,107185512,0,3.459,0.0942645252961888,0.123218603432179,0.168,0.0333545348817572,4,36800,0
new_791,chr14,107148712,107185512,0,3.459,0.0942645252961888,0.123218603432179,0.168,0.0333545348817572,4,36800,0
new_792,chr14,107148712,107185512,0,3.459,0.0942645252961888,0.123218603432179,0.168,0.0333545348817572,4,36800,0
new_793,chr14,107160015,107180183,0,3.189,0.0804805097803806,0.123218603432179,0.161,0.0333545348817572,4,20168,0
new_794,chr14,107163040,107185512,0,0.339,0.0842681610180318,0.123218603432179,0.161,0.0333545348817572,4,22472,0
new_795,chr15,20063340,20894627,0,3.169,0.120488669444865,0.123218603432179,0.17,0.0588744393340802,8,831287,0
new_796,chr15,20207712,20575705,0,0.672,0.103128949967138,0.123218603432179,0.094,0.0415178655011353,5,367993,0
new_797,chr15,20207712,20575705,0,0.672,0.103128949967138,0.123218603432179,0.094,0.0415178655011353,5,367993,0
new_798,chr15,20207712,20595114,0,1.754,0.113258734802186,0.123218603432179,0.097,0.0415178655011353,5,387402,0
new_8,chr1,564512,757147,0,5.241,0.102746946741038,0.123218603432179,0.184,0.00343258499999999,1,192635,0
new_802,chr15,22267887,22586981,0,3.757,0.16774045794247,0.123218603432179,0.118,0.0890703272115667,11,319094,0.008093655
new_803,chr15,22267887,22586981,0,3.757,0.16774045794247,0.123218603432179,0.118,0.0890703272115667,11,319094,0.008093655
new_804,chr15,22267887,22586981,0,3.757,0.16774045794247,0.123218603432179,0.118,0.0890703272115667,11,319094,0.008093655
new_805,chr15,22285248,22586981,0,3.489,0.16774045794247,0.123218603432179,0.122,0.0890703272115667,11,301733,0.008093655
new_806,chr15,22303901,22586981,0,3.23,0.16774045794247,0.123218603432179,0.124,0.0890703272115667,11,283080,0.008093655
new_807,chr15,22303901,22586981,0,3.23,0.16774045794247,0.123218603432179,0.124,0.0890703272115667,11,283080,0.008093655
new_808,chr15,22303901,22586981,0,3.23,0.16774045794247,0.123218603432179,0.124,0.0890703272115667,11,283080,0.008093655
new_809,chr15,22303901,22586981,0,3.23,0.16774045794247,0.123218603432179,0.124,0.0890703272115667,11,283080,0.008093655
new_810,chr15,22303901,22586981,0,3.23,0.16774045794247,0.123218603432179,0.124,0.0890703272115667,11,283080,0.008093655
new_811,chr15,22303901,22586981,0,3.23,0.16774045794247,0.123218603432179,0.124,0.0890703272115667,11,283080,0.008093655
new_812,chr15,22432504,22558744,0,0.177,0.133251813570958,0.123218603432179,0.127,0.0415178655011353,5,126240,0
new_813,chr15,22432504,22586981,0,0.278,0.11902789489704,0.123218603432179,0.141,0.0415178655011353,5,154477,0
new_820,chr15,22698568,22748691,0,0.012,0.10449881311499,0.123218603432179,0.139,0.0168187018060999,2,50123,0.00031030178
new_821,chr15,22714927,22748691,0,0.05,0.106474252381605,0.123218603432179,0.137,0.0168187018060999,2,33764,0.00031030178
new_822,chr15,22714927,22748691,0,0.05,0.106474252381605,0.123218603432179,0.137,0.0168187018060999,2,33764,0.00031030178
new_823,chr15,22714927,22748691,0,0.05,0.106474252381605,0.123218603432179,0.137,0.0168187018060999,2,33764,0.00031030178
new_824,chr15,22714927,22748691,0,0.05,0.106474252381605,0.123218603432179,0.137,0.0168187018060999,2,33764,0.00031030178
new_830,chr15,28542124,28621778,0,2.473,0.486418118996343,0.123218603432179,0.802,0.00844500999999998,1,79654,0.17806196
new_832,chr15,30462313,30800272,0,3.598,0.0612354361067209,0.550488114356995,0.307,0.00989852847673101,2,337959,0.07894254
new_833,chr15,30462313,30833816,0,3.717,0.0677794985801952,0.550488114356995,0.314,0.00989852847673101,2,371503,0.07894254
new_834,chr15,30954726,32514957,1,18.88,0.559723307270831,0.839559257030487,0.624,0.114414692282862,6,1560231,0.9631386
new_835,chr15,32065077,32514957,1,10.58,0.642178287313883,0.839559257030487,0.305,0.00844500999999998,1,449880,0.76862335
new_839,chr15,102415472,102481588,0,0.222,0.126545416296513,0.123218603432179,0.097,0.00844500999999998,1,66116,0.0012242794
new_840,chr15,102415472,102481588,0,0.222,0.126545416296513,0.123218603432179,0.097,0.00844500999999998,1,66116,0.0012242794
new_841,chr15,102415472,102481588,0,0.222,0.126545416296513,0.123218603432179,0.097,0.00844500999999998,1,66116,0.0012242794
new_842,chr15,102415472,102481588,0,0.222,0.126545416296513,0.123218603432179,0.097,0.00844500999999998,1,66116,0.0012242794
new_843,chr15,102415472,102506462,0,0.281,0.13266112281222,0.123218603432179,0.192,0.00844500999999998,1,90990,0.0012242794
new_844,chr15,102415472,102506462,0,0.281,0.13266112281222,0.123218603432179,0.192,0.00844500999999998,1,90990,0.0012242794
new_845,chr15,102446028,102506462,0,0.102,0.130945177646275,0.123218603432179,0.196,0.00844500999999998,1,60434,0.0012242794
new_846,chr15,102461101,102506462,0,3.033,0.123935545611643,0.123218603432179,0.196,0.00844500999999998,1,45361,0.0012242794
new_847,chr15,102461101,102506462,0,3.033,0.123935545611643,0.123218603432179,0.196,0.00844500999999998,1,45361,0.0012242794
new_848,chr15,102461101,102506462,0,3.033,0.123935545611643,0.123218603432179,0.196,0.00844500999999998,1,45361,0.0012242794
new_849,chr15,102461101,102506462,0,3.033,0.123935545611643,0.123218603432179,0.196,0.00844500999999998,1,45361,0.0012242794
new_850,chr16,14795945,14835126,0,0.074,0.269045684224536,0.123218603432179,0.163,0.00844500999999998,1,39181,0
new_851,chr16,14795945,14835126,0,0.074,0.269045684224536,0.123218603432179,0.163,0.00844500999999998,1,39181,0
new_852,chr16,14795945,14835126,0,0.074,0.269045684224536,0.123218603432179,0.163,0.00844500999999998,1,39181,0
new_853,chr16,14795945,14835126,0,0.074,0.269045684224536,0.123218603432179,0.163,0.00844500999999998,1,39181,0
new_854,chr16,14795945,14853126,0,2.045,0.440751440205149,0.123218603432179,0.164,0.0100123272598233,2,57181,0
new_855,chr16,14795945,14853126,0,2.045,0.440751440205149,0.123218603432179,0.164,0.0100123272598233,2,57181,0
new_856,chr16,14795945,14877717,0,0.229,0.409795637914904,0.123218603432179,0.174,0.0100123272598233,2,81772,0
new_857,chr16,14795945,14877717,0,0.229,0.409795637914904,0.123218603432179,0.174,0.0100123272598233,2,81772,0
new_858,chr16,14853067,18738030,1,25.5,0.847948877771154,0.839559257030487,1,0.174630150219108,23,3884963,0.97273874
new_859,chr16,14853067,18738030,1,25.5,0.847948877771154,0.839559257030487,1,0.174630150219108,23,3884963,0.97273874
new_860,chr16,14926024,15002180,0,0.739,0.202738175687402,0.526641428470612,0.494,0.00844500999999998,1,76156,0.020562172
new_861,chr16,15048732,15148790,0,6.398,0.419623245244904,0.526641428470612,0.406,0.0168187018060999,2,100058,0.19234657
new_862,chr16,15048732,15166906,0,6.26,0.530225423064086,0.526641428470612,0.396,0.0251216777011602,3,118174,0.3384695
new_863,chr16,15507164,16400833,1,34,0.552028936033077,0.839559257030487,0.837,0.0734875912898189,9,893669,0.9281324
new_864,chr16,16481519,16847701,0,3.524,0.133075109013501,0.123218603432179,0.369,0.00844500999999998,1,366182,0.0003387928
new_865,chr16,18242569,18738030,0,1.194,0.278606955462838,0.123218603432179,0.243,0.0287828712496561,3,495461,0.034936726
new_866,chr16,18242569,18738030,0,1.194,0.278606955462838,0.123218603432179,0.243,0.0287828712496561,3,495461,0.034936726
new_867,chr16,18546685,18738030,0,1.524,0.224363177672001,0.187354922294617,0.526,0.0188796490000001,1,191345,0.03467536
new_869,chr16,29620658,30190593,1,34,0.816219948307256,0.839559257030487,0.91,0.99998815139125,29,569935,0.9446744
new_870,chr16,29620658,30190593,1,34,0.816219948307256,0.839559257030487,0.91,0.99998815139125,29,569935,0.9446744
new_871,chr16,31986098,33781506,0,6.045,0.229103187753226,0.123218603432179,0.123,0.0790976890234087,13,1795408,0.0043486357
new_872,chr16,31986098,33781506,0,6.045,0.229103187753226,0.123218603432179,0.123,0.0790976890234087,13,1795408,0.0043486357
new_873,chr16,31986098,33785784,0,6.045,0.224605518755558,0.123218603432179,0.124,0.0790976890234087,13,1799686,0.0043486357
new_874,chr16,31986098,33853445,0,6.093,0.21200153107657,0.123218603432179,0.124,0.0790976890234087,13,1867347,0.0043486357
new_875,chr16,31986098,33853445,0,6.093,0.21200153107657,0.123218603432179,0.124,0.0790976890234087,13,1867347,0.0043486357
new_876,chr16,31994667,32302087,0,1.661,0.103212598828171,0.123218603432179,0.224,0.0099962799338652,2,307420,0.0039108396
new_877,chr16,32164082,32302087,0,1.318,0.0372260226870267,0.123218603432179,0.177,0.00156448200000003,1,138005,0.0039108396
new_878,chr16,32197626,32302087,0,2.309,0.035663476899481,0.123218603432179,0.149,0.00156448200000003,1,104461,0.0039108396
new_880,chr16,32470624,33924190,0,3.042,0.0599382199715092,0.123218603432179,0.13,0.0697991408405289,11,1453566,0.00043952465
new_881,chr16,32573813,33798382,0,1.859,0.0575019976812547,0.123218603432179,0.13,0.0697991408405289,11,1224569,0.00043952465
new_882,chr16,32654316,32706918,0,0.103,0.0128602599155231,0.123218603432179,0.164,0.0096384485606289,2,52602,0
new_883,chr16,32676790,32706918,0,0.155,0.0135247620800252,0.123218603432179,0.165,0.0096384485606289,2,30128,0
new_884,chr16,32676790,32706918,0,0.155,0.0135247620800252,0.123218603432179,0.165,0.0096384485606289,2,30128,0
new_885,chr16,32676790,32706918,0,0.155,0.0135247620800252,0.123218603432179,0.165,0.0096384485606289,2,30128,0
new_886,chr16,32676790,32786090,0,1.804,0.0135247620800252,0.123218603432179,0.227,0.0096384485606289,2,109300,0
new_887,chr16,33107015,33482164,0,0.581,0.0728354648901858,0.123218603432179,0.2,0.0117151496186938,3,375149,0
new_888,chr16,33186122,33482164,0,0.58,0.0750846712393922,0.123218603432179,0.174,0.0117151496186938,3,296042,0
new_889,chr16,33201013,33271235,0,0.204,0.0224041437046899,0.123218603432179,0.164,0.0117151496186938,3,70222,0
new_890,chr16,33201013,33271235,0,0.204,0.0224041437046899,0.123218603432179,0.164,0.0117151496186938,3,70222,0
new_891,chr16,33201013,33271235,0,0.204,0.0224041437046899,0.123218603432179,0.164,0.0117151496186938,3,70222,0
new_892,chr16,33201013,33271235,0,0.204,0.0224041437046899,0.123218603432179,0.164,0.0117151496186938,3,70222,0
new_893,chr16,33201013,33271235,0,0.204,0.0224041437046899,0.123218603432179,0.164,0.0117151496186938,3,70222,0
new_894,chr16,33201013,33271235,0,0.204,0.0224041437046899,0.123218603432179,0.164,0.0117151496186938,3,70222,0
new_895,chr16,33201013,33620020,0,1.992,0.023199918205456,0.123218603432179,0.107,0.0200612250630124,4,419007,0
new_896,chr16,33296359,33780444,0,1.479,0.0319183331238709,0.123218603432179,0.131,0.0251216777011602,3,484085,0.00043952465
new_903,chr16,33380842,33780125,0,1.335,0.0334143648699027,0.123218603432179,0.13,0.0251216777011602,3,399283,0.00043952465
new_91,chr1,145194046,145368907,0,1.019,0.558197147499727,0.123218603432179,0.327,0.0423947367158102,6,174861,0
new_918,chr16,70851562,71163664,0,16.19,0.648809840872112,0.526641428470612,0.585,0.00844500999999998,1,312102,0.25379056
new_919,chr16,70851562,71163664,0,16.19,0.648809840872112,0.526641428470612,0.585,0.00844500999999998,1,312102,0.25379056
new_92,chr1,145194046,145368907,0,1.019,0.558197147499727,0.123218603432179,0.327,0.0423947367158102,6,174861,0
new_920,chr16,70873788,71163664,0,16,0.645879781715582,0.526641428470612,0.588,0.00844500999999998,1,289876,0.25379056
new_921,chr16,70873788,71205600,0,15.77,0.649110173872445,0.526641428470612,0.593,0.00844500999999998,1,331812,0.25379056
new_922,chr17,2522288,2579941,1,6.3,0.953838343976285,0.700540482997894,0.847,0.95166808,1,57653,0.8816942
new_923,chr17,16757563,20434710,1,39,0.887623428669695,0.839559257030487,1,0.999125246326017,51,3677147,0.9999812
new_924,chr17,16782547,20376823,1,39,0.889364060688268,0.839559257030487,1,0.999125246326017,51,3594276,0.9999812
new_925,chr17,18935166,19096192,0,14.01,0.460996901355102,0.123218603432179,0.284,0.274644348717415,3,161026,0.010915279
new_926,chr17,18935166,19117570,0,12.92,0.558446870157706,0.123218603432179,0.286,0.274644348717415,3,182404,0.010915279
new_927,chr17,18935166,19117570,0,12.92,0.558446870157706,0.123218603432179,0.286,0.274644348717415,3,182404,0.010915279
new_928,chr17,18935166,19117570,0,12.92,0.558446870157706,0.123218603432179,0.286,0.274644348717415,3,182404,0.010915279
new_929,chr17,18935166,19117570,0,12.92,0.558446870157706,0.123218603432179,0.286,0.274644348717415,3,182404,0.010915279
new_93,chr1,145212569,145368907,0,2.165,0.551352902039305,0.123218603432179,0.328,0.0423947367158102,6,156338,0
new_930,chr17,18935166,19117570,0,12.92,0.558446870157706,0.123218603432179,0.286,0.274644348717415,3,182404,0.010915279
new_931,chr17,18935166,19141189,0,13.74,0.727591792911141,0.123218603432179,0.41,0.280769984446053,4,206023,0.010915279
new_932,chr17,20434651,20561325,0,3.344,0.0984551613914634,0.123218603432179,0.11,0.000949119000000054,1,126674,0.0008414984
new_933,chr17,29559146,29588941,0,17.17,0.968212805168688,0.529878914356232,0.815,0.993936903,1,29795,0.5914618
new_934,chr17,34192997,34260164,0,12.28,0.437967182447755,0.544062077999115,0.145,0.0251216777011602,3,67167,0
new_94,chr1,145212569,145368907,0,2.165,0.551352902039305,0.123218603432179,0.328,0.0423947367158102,6,156338,0
new_945,chr17,44171857,44289264,0,22.6,0.283350496913075,0.526641428470612,0.816,0.00844500999999998,1,117407,0.37189114
new_946,chr17,44171857,44297186,0,23.3,0.28393453052652,0.526641428470612,0.816,0.00844500999999998,1,125329,0.37189114
new_947,chr17,44171857,44297186,0,23.3,0.28393453052652,0.526641428470612,0.816,0.00844500999999998,1,125329,0.37189114
new_948,chr17,44171857,44347533,0,25,0.222451678437089,0.526641428470612,0.753,0.00844500999999998,1,175676,0.37189114
new_949,chr17,44171857,44347533,0,25,0.222451678437089,0.526641428470612,0.753,0.00844500999999998,1,175676,0.37189114
new_950,chr17,44171857,44347533,0,25,0.222451678437089,0.526641428470612,0.753,0.00844500999999998,1,175676,0.37189114
new_951,chr17,44171857,44347533,0,25,0.222451678437089,0.526641428470612,0.753,0.00844500999999998,1,175676,0.37189114
new_952,chr17,44171857,44351155,0,25,0.220652090378948,0.526641428470612,0.753,0.00844500999999998,1,179298,0.37189114
new_953,chr17,44171857,44351155,0,25,0.220652090378948,0.526641428470612,0.753,0.00844500999999998,1,179298,0.37189114
new_954,chr17,44171857,44425538,0,22.4,0.209627518370862,0.187354922294617,0.645,0.0251216777011602,3,253681,0.37433124
new_955,chr17,44171857,44425538,0,22.4,0.209627518370862,0.187354922294617,0.645,0.0251216777011602,3,253681,0.37433124
new_956,chr17,44171857,44462505,0,23.4,0.244217156836971,0.187354922294617,0.644,0.0251216777011602,3,290648,0.37433124
new_957,chr17,44171857,44462505,0,23.4,0.244217156836971,0.187354922294617,0.644,0.0251216777011602,3,290648,0.37433124
new_958,chr17,44171857,44617368,0,23.4,0.310087554576487,0.123218603432179,0.663,0.0480251294432185,5,445511,0.3758583
new_959,chr17,44171857,44617368,0,23.4,0.310087554576487,0.123218603432179,0.663,0.0480251294432185,5,445511,0.3758583
new_960,chr17,44207885,44354705,0,19.91,0.23627624283468,0.526641428470612,0.756,0.00844500999999998,1,146820,0.37189114
new_961,chr17,44207885,44399514,0,19.58,0.220109362492799,0.187354922294617,0.755,0.0251216777011602,3,191629,0.37433124
new_962,chr17,44207885,44399514,0,19.58,0.220109362492799,0.187354922294617,0.755,0.0251216777011602,3,191629,0.37433124
new_963,chr17,44239289,44399514,0,18.07,0.232619256846811,0.187354922294617,0.757,0.0251216777011602,3,160225,0.37433124
new_964,chr17,44239289,44617368,0,20.7,0.306737663009655,0.123218603432179,0.662,0.0480251294432185,5,378079,0.3758583
new_965,chr17,44239289,44617368,0,20.7,0.306737663009655,0.123218603432179,0.662,0.0480251294432185,5,378079,0.3758583
new_966,chr17,44239289,44617368,0,20.7,0.306737663009655,0.123218603432179,0.662,0.0480251294432185,5,378079,0.3758583
new_967,chr17,44239289,44617368,0,20.7,0.306737663009655,0.123218603432179,0.662,0.0480251294432185,5,378079,0.3758583
new_968,chr17,44297127,44579473,0,17.21,0.298710041583803,0.123218603432179,0.584,0.0168187018060999,2,282346,0.0038849115
new_969,chr17,44297127,44617368,0,17.44,0.361295856158984,0.123218603432179,0.576,0.0399172207718086,4,320241,0.0063161254
new_970,chr17,44297127,44617368,0,17.44,0.361295856158984,0.123218603432179,0.576,0.0399172207718086,4,320241,0.0063161254
new_971,chr17,44297127,44725843,0,18.35,0.653030603273514,0.123218603432179,0.613,0.0480251294432185,5,428716,0.1650526
new_972,chr17,44297127,44762602,0,18.35,0.644613030323588,0.123218603432179,0.611,0.0480251294432185,5,465475,0.1650526
new_973,chr17,44354646,44762602,0,15.91,0.661722132473206,0.123218603432179,0.307,0.0480251294432185,5,407956,0.1650526
new_974,chr17,44375295,44717970,0,10.29,0.668313423667835,0.123218603432179,0.303,0.0480251294432185,5,342675,0.1650526
new_975,chr17,44375295,44717970,0,10.29,0.668313423667835,0.123218603432179,0.303,0.0480251294432185,5,342675,0.1650526
new_976,chr17,44375295,44717970,0,10.29,0.668313423667835,0.123218603432179,0.303,0.0480251294432185,5,342675,0.1650526
new_977,chr17,44375295,44762602,0,10.58,0.640937142973985,0.187354922294617,0.309,0.0480251294432185,5,387307,0.1650526
new_978,chr17,44375295,44762602,0,10.58,0.640937142973985,0.187354922294617,0.309,0.0480251294432185,5,387307,0.1650526
new_979,chr17,44375295,44762602,0,10.58,0.640937142973985,0.187354922294617,0.309,0.0480251294432185,5,387307,0.1650526
new_980,chr17,44375295,44762602,0,10.58,0.640937142973985,0.187354922294617,0.309,0.0480251294432185,5,387307,0.1650526
new_981,chr17,44375295,44762602,0,10.58,0.640937142973985,0.187354922294617,0.309,0.0480251294432185,5,387307,0.1650526
new_982,chr17,44375295,44762602,0,10.58,0.640937142973985,0.187354922294617,0.309,0.0480251294432185,5,387307,0.1650526
new_983,chr17,44375295,44762602,0,10.58,0.640937142973985,0.187354922294617,0.309,0.0480251294432185,5,387307,0.1650526
new_984,chr17,44375295,44762602,0,10.58,0.640937142973985,0.187354922294617,0.309,0.0480251294432185,5,387307,0.1650526
new_985,chr17,44375295,44762602,0,10.58,0.640937142973985,0.187354922294617,0.309,0.0480251294432185,5,387307,0.1650526
new_986,chr17,44375295,44762602,0,10.58,0.640937142973985,0.187354922294617,0.309,0.0480251294432185,5,387307,0.1650526
new_987,chr17,44375295,44762602,0,10.58,0.640937142973985,0.187354922294617,0.309,0.0480251294432185,5,387307,0.1650526
new_988,chr17,44399455,44544908,0,5.166,0.33453853180703,0.187354922294617,0.214,0.0168187018060999,2,145453,0.0038849115
new_989,chr17,44399455,44762602,0,10.87,0.604915211096094,0.187354922294617,0.311,0.0480251294432185,5,363147,0.16505253
new_990,chr17,44399455,44762602,0,10.87,0.604915211096094,0.187354922294617,0.311,0.0480251294432185,5,363147,0.16505253
new_991,chr17,44399455,44762602,0,10.87,0.604915211096094,0.187354922294617,0.311,0.0480251294432185,5,363147,0.16505253
new_993,chr18,14446748,14594481,0,1.839,0.125372943559708,0.123218603432179,0.301,0.00105471700000004,1,147733,0.0012938976
new_994,chr19,43746087,43842435,0,2.627,0.257186606770612,0.123218603432179,0.19,0.000866853000000001,1,96348,0.0019056797
new_997,chr20,57463324,57466859,0,6.651,0.719833951444651,0.227584004402161,0.817,0.689085503,1,3535,0.9105664
