variant_id	DosaCNV_score
nssv15119423	0.016640484
nssv15119426	0.0007252693
nssv15119427	0.15419316
nssv15119442	0.34146845
nssv15119451	0.044644296
nssv15119577	0.26874423
nssv15119594	0.0037173033
nssv15119609	0.20705497
nssv15119625	0.027598858
nssv15119818	0.9999978
nssv15119823	0.97953945
nssv15119825	0.9883024
nssv15119833	0.6253382
nssv15119834	0.883549
nssv15119835	0.9966072
nssv15119836	0.971012
nssv15119837	0.9999955
nssv15119840	0.9999996
nssv15119883	0.9918054
nssv15119912	0.9753238
nssv15119917	1.0
nssv15119931	0.6486963
nssv15119937	0.99999964
nssv15119938	0.8389038
nssv15119939	0.7760738
nssv15119944	0.8837582
nssv15119950	0.17066526
nssv15119956	0.86019105
nssv15119970	0.999986
nssv15120013	0.39898497
nssv15120053	0.00028961897
nssv15120074	0.8166861
nssv15120076	0.037630916
nssv15120077	0.8166861
nssv15120302	0.9995368
nssv15120303	0.9993817
nssv15120308	0.99996215
nssv15120319	0.48423082
nssv15120323	0.23693424
nssv15120340	0.97600275
nssv15120398	0.7933742
nssv15120405	0.8903241
nssv15120485	0.91988534
nssv15120497	0.59620357
nssv15120522	0.060010016
nssv15120603	0.99998003
nssv15120606	0.8474853
nssv15120624	0.41805965
nssv15120625	0.8903652
nssv15120626	0.99102086
nssv15120741	0.9890615
nssv15120743	0.9922662
nssv15120751	0.38227344
nssv15120756	0.96630496
nssv15120782	0.5393216
nssv15121012	0.0002387166
nssv15121016	0.7933742
nssv15121078	0.9973338
nssv15121081	0.9061828
nssv15121097	0.9453412
nssv15121098	0.9090644
nssv15121100	0.012282789
nssv15121101	0.99271
nssv15121205	0.9918903
nssv15121206	0.9918054
nssv15121207	0.99996465
nssv15121244	0.9955006
nssv15121245	0.11945748
nssv15121246	0.9784528
nssv15121269	0.1880399
nssv15121286	0.0037850738
nssv15121287	0.58930707
nssv15121288	0.34535617
nssv15121297	0.16774714
nssv15121349	0.91946596
nssv15121370	0.394778
nssv15121449	0.38417006
nssv15121450	0.9470792
nssv15121454	0.8767103
nssv15121480	0.9995734
nssv15121481	0.9993734
nssv15121485	0.9263164
nssv15121526	0.3016534
nssv15121545	0.025308907
nssv15121556	1.0
nssv15121645	0.00011187792
nssv15121668	0.04068488
nssv15121670	0.036796153
nssv15121683	0.8474853
nssv15121689	0.99907506
nssv15121712	0.038820565
nssv15121747	0.63444376
nssv15121770	0.89231163
nssv15121784	0.4323331
nssv15121792	0.30133522
nssv15121858	0.30477905
nssv15121903	0.046987414
nssv15121904	0.69016594
nssv15121946	0.8244172
nssv15121948	0.90626556
nssv15121951	0.9996076
nssv15121952	0.31515843
nssv15121970	0.9999648
nssv15121977	0.5939591
nssv15121982	0.20076221
nssv15121990	0.9996037
nssv15121991	0.03540075
nssv15121995	0.6748915
nssv15121996	0.8327023
nssv15122020	0.8166861
nssv15122021	0.8166861
nssv15122028	0.9982756
nssv15122113	0.780406
nssv15122171	0.37670565
nssv15122236	0.02842009
nssv15122269	0.98245114
nssv15122405	0.02508533
nssv15122447	0.088838935
nssv15122511	0.7039821
nssv15122684	0.4743864
nssv15122727	0.10352582
nssv15122759	0.9890615
nssv15122774	0.5797281
nssv15122779	0.065793216
nssv15122787	0.05295843
nssv15122988	0.7861847
nssv15122992	0.9975611
nssv15123447	0.8532785
nssv15123517	0.8166861
nssv15123550	1.0
nssv15123785	0.9153068
nssv15124120	0.5632225
nssv15124136	0.8532785
nssv15124167	0.87881243
nssv15124188	0.9999547
nssv15124262	1.0
nssv15124271	0.8767103
nssv15124282	0.5632225
nssv15124283	0.9819894
nssv15124293	0.95866495
nssv15124330	0.9982113
nssv15124368	0.9531461
nssv15124381	0.94794685
nssv15124409	0.5272081
nssv15124422	0.99397975
nssv15124424	0.995406
nssv15124428	0.92348385
nssv15124437	0.87881243
nssv15124450	0.88537014
nssv15124528	0.9999971
nssv15124543	0.33878022
nssv15124550	0.8166861
nssv15124615	0.10134137
nssv15124655	0.06243038
nssv15124674	0.0042973757
nssv15124782	0.0042973757
nssv15124784	1.0
nssv15124824	0.08790809
nssv15124852	0.06810641
nssv15124936	0.73858976
nssv15125023	0.4810164
nssv15125105	0.9726077
nssv15125117	0.017126143
nssv15125118	0.10134137
nssv15125149	0.9819894
nssv15125352	0.03840983
nssv15125356	0.065712094
nssv15125358	0.026768446
nssv15125402	0.004145384
nssv15125429	0.9642331
nssv15125505	0.9999913
nssv15125509	0.017126143
nssv15125540	0.038011134
nssv15125625	0.27048814
nssv15125631	0.021248937
nssv15125639	0.9642331
nssv15125697	0.9642331
nssv15125774	0.0042973757
nssv15125902	0.1814397
nssv15125914	0.6862469
nssv15126001	0.99982756
nssv15126050	0.0010480285
nssv15126079	0.96160907
nssv15126084	0.9996569
nssv15126144	0.06165856
nssv15126199	0.9999998
nssv15126240	0.99196374
nssv15126271	0.999924
nssv15126343	0.9999789
nssv15126350	0.99999416
nssv15126394	0.08790809
nssv15126461	0.014587104
nssv15126705	0.046093702
nssv15126713	0.038734794
nssv15126735	0.0012218356
nssv15126818	0.999997
nssv15126826	0.971012
nssv15126911	0.013254404
nssv15126964	0.9968948
nssv15127106	0.9998655
nssv15127277	0.9999994
nssv15127304	0.9994387
nssv15127350	0.02508533
nssv15127416	0.3201725
nssv15127429	0.011521757
nssv15127493	0.000715971
nssv15127569	0.9999627
nssv15127576	0.9753238
nssv15127590	0.0013644695
nssv15127718	0.9955655
nssv15127735	0.71685284
nssv15127805	0.046093702
nssv15127858	0.0021389127
nssv15127939	0.96160907
nssv15128030	1.0
nssv15128071	0.11355519
nssv15128077	0.0042973757
nssv15128253	0.0010480285
nssv15128257	0.99998
nssv15128279	0.007815719
nssv15128430	0.046093702
nssv15128447	0.017126143
nssv15128480	0.007815719
nssv15128639	0.9995048
nssv15128668	0.11752367
nssv15128685	0.014587104
nssv15128721	0.08790809
nssv15128736	0.046093702
nssv15128769	0.015179634
nssv15128784	0.011438072
nssv15128813	0.0042973757
nssv15128822	0.99999964
nssv15128824	0.26160312
nssv15128857	0.017126143
nssv15128924	0.98750645
nssv15129075	0.5473598
nssv15129565	0.99735266
nssv15129693	0.06810641
nssv15130155	0.99995124
nssv15130636	0.0011100769
nssv15130775	0.8166861
nssv15130781	0.92037684
nssv15131584	0.9788168
nssv15131586	0.99827826
nssv15131764	0.7292423
nssv15131767	0.47514343
nssv15131772	0.971628
nssv15131775	0.99999976
nssv15131776	0.99886113
nssv15131783	0.99776363
nssv15131788	0.870295
nssv15131892	0.5869235
nssv15131900	0.029962063
nssv15131927	0.051868558
nssv15131936	0.055303276
nssv15131987	0.9051679
nssv15132030	0.86662495
nssv15132033	0.051868558
nssv15132050	0.999992
nssv15132095	0.06243038
nssv15132112	0.99999976
nssv15132119	0.978748
nssv15132142	0.99971575
nssv15132143	0.90189725
nssv15132144	0.99791044
nssv15132148	0.9665041
nssv15132179	0.8843397
nssv15132181	0.9999997
nssv15132191	0.9642331
nssv15132193	0.9615319
nssv15132194	0.9615319
nssv15132195	0.9613202
nssv15132197	0.9613733
nssv15132198	0.96217084
nssv15132267	0.9901173
nssv15132269	0.99718744
nssv15132273	0.96245325
nssv15132282	0.9889539
nssv15132287	0.99999326
nssv15132305	0.8078471
nssv15132311	0.99998486
nssv15132313	0.051868558
nssv15132320	0.5330626
nssv15132325	0.046093702
nssv15132336	0.92037684
nssv15132346	0.96539843
nssv15132405	0.7933742
nssv15132436	0.99999255
nssv15132444	0.98650014
nssv15132445	0.96780336
nssv15132446	0.99994415
nssv15132447	0.8788225
nssv15132448	0.99247575
nssv15132508	0.99954337
nssv15132524	0.96378654
nssv15132533	0.40227365
nssv15132541	0.90222085
nssv15132584	0.99619627
nssv15132591	0.976225
nssv15132604	0.9985005
nssv15132606	0.073910415
nssv15132621	0.9999999
nssv15132623	0.96695465
nssv15132648	0.9753238
nssv15132680	0.99860615
nssv15132690	0.7697383
nssv15132706	0.012615681
nssv15132730	0.8166861
nssv15132739	0.99827826
nssv15132755	0.9999841
nssv15132795	0.029962063
nssv15132819	0.9997273
nssv15132839	0.376975
nssv15132861	0.99082726
nssv15132881	0.9797055
nssv15132883	0.99999225
nssv15132897	0.0010480285
nssv15132899	0.1828537
nssv15132906	0.9615319
nssv15132947	0.99321973
nssv15132966	0.99736816
nssv15132967	0.9985005
nssv15132971	0.87881243
nssv15132982	0.99750704
nssv15132983	0.73089576
nssv15132984	0.7625289
nssv15132985	0.7579572
nssv15132986	0.7579572
nssv15132987	0.7579572
nssv15132991	0.99996483
nssv15132992	0.99945915
nssv15133000	0.9957419
nssv15133001	0.9932845
nssv15133002	0.9932845
nssv15133003	0.98373353
nssv15133004	0.99047315
nssv15133051	0.95847434
nssv15133056	0.9613733
nssv15133059	0.99842167
nssv15133062	0.9998338
nssv15133106	0.06810641
nssv15133130	1.0
nssv15133188	0.9819894
nssv15133237	0.9389044
nssv15133245	0.99942255
nssv15133276	0.15591407
nssv15133292	0.06810641
nssv15133300	0.99998456
nssv15133312	0.073910415
nssv15133322	0.8141631
nssv15133338	0.06243038
nssv15133370	0.8166861
nssv15133379	0.9911467
nssv15133406	0.96732837
nssv15133407	0.9599379
nssv15133418	0.99999994
nssv15133467	0.999552
nssv15133468	0.9995368
nssv15133469	0.9975611
nssv15133471	0.5655201
nssv15133472	0.9001966
nssv15133485	0.9889274
nssv15133543	0.9166392
nssv15133546	0.99712026
nssv15133547	0.8767103
nssv15133548	0.9990758
nssv15133549	0.86443096
nssv15133554	0.9698738
nssv15133555	0.99571097
nssv15133566	0.64416766
nssv15133567	0.9668235
nssv15133572	0.96160907
nssv15133573	0.9468497
nssv15133574	0.9739747
nssv15133575	0.9615319
nssv15133576	0.9615319
nssv15133578	0.9613733
nssv15133621	0.9999995
nssv15133624	0.3671956
nssv15133636	0.9979117
nssv15133640	0.9749509
nssv15133645	0.9319674
nssv15133654	0.89867514
nssv15133678	0.9992933
nssv15133679	0.97247756
nssv15133691	0.962668
nssv15133713	0.29406774
nssv15133725	0.9999957
nssv15133737	0.9787265
nssv15133758	0.2713648
nssv15133765	0.25728035
nssv15133776	0.7579572
nssv15133777	0.9643235
nssv15133785	0.0057188272
nssv15133793	0.0010480285
nssv15133819	0.99296564
nssv15133836	0.87881243
nssv15133837	0.011521757
nssv15133838	0.0014356971
nssv15133847	0.0010261536
nssv15133856	0.060103178
nssv15133940	0.9867156
nssv15133951	0.99878377
nssv15133976	0.8590393
nssv15133984	0.0034743547
nssv15133987	0.9314739
nssv15133997	0.00093251467
nssv15134029	0.012282789
nssv15134090	0.029962063
nssv15134111	0.9977188
nssv15134136	0.99946177
nssv15134156	0.9468401
nssv15134187	0.22535956
nssv15134190	0.8681819
nssv15134194	0.13978165
nssv15134215	0.9866613
nssv15134240	0.006013155
nssv15134248	0.9084977
nssv15134304	0.24508744
nssv15134369	0.9819894
nssv15134412	0.9985005
nssv15134417	0.99892426
nssv15134418	0.99628645
nssv15134426	0.9849192
nssv15134451	0.99750704
nssv15134453	0.99694526
nssv15134454	0.99297434
nssv15134455	0.7596029
nssv15134463	0.9968613
nssv15134470	0.9775777
nssv15134497	0.015795052
nssv15134520	0.9991399
nssv15134525	0.065793216
nssv15134546	0.38267666
nssv15134550	0.9613733
nssv15134559	1.0
nssv15134612	0.7933742
nssv15134631	0.9613733
nssv15134646	0.7563664
nssv15134666	0.96160907
nssv15134672	0.9997621
nssv15134689	1.0
nssv15134694	0.8166861
nssv15134695	0.022663653
nssv15134733	0.99892426
nssv15134739	0.87881243
nssv15134747	0.5443201
nssv15134758	0.9999997
nssv15134760	0.9995368
nssv15134767	0.013063669
nssv15134771	0.0012601614
nssv15134779	0.004668355
nssv15134780	0.09492451
nssv15134786	0.0029725432
nssv15134821	0.9876851
nssv15134882	0.7921858
nssv15134941	0.0037212968
nssv15134944	0.5632225
nssv15134945	0.5632225
nssv15134965	0.050495327
nssv15134970	0.1880399
nssv15134986	0.9668235
nssv15134990	0.7922746
nssv15135001	0.001080215
nssv15135052	0.99827826
nssv15135059	0.41076493
nssv15135063	0.013782561
nssv15135066	0.2713648
nssv15135071	0.009352207
nssv15135073	0.9983714
nssv15135074	0.044644296
nssv15135080	0.025473893
nssv15135084	0.9600023
nssv15135091	0.5682248
nssv15135092	0.021204472
nssv15135101	0.9999993
nssv15135116	0.14531732
nssv15135124	0.3029616
nssv15135159	0.99984944
nssv15135169	0.96274287
nssv15135220	1.0
nssv15135252	0.02508533
nssv15135273	0.0010480285
nssv15135289	0.005469799
nssv15135293	0.000715971
nssv15135296	0.0029725432
nssv15135300	0.046093702
nssv15135302	0.013782561
nssv15135325	0.0011661649
nssv15135337	0.006057799
nssv15135343	0.0015184283
nssv15135368	0.0011276007
nssv15135380	0.015499055
nssv15135394	0.00089108944
nssv15135410	0.022285998
nssv15135421	0.26013702
nssv15135495	0.069098055
nssv15135562	0.99827826
nssv15135567	0.7184742
nssv15135602	0.0058791637
nssv15135669	0.21724218
nssv15135691	0.9642331
nssv15135693	0.26153654
nssv15135730	0.63518065
nssv15135733	0.8980556
nssv15135741	0.99860615
nssv15135764	0.01651603
nssv15135772	0.005587101
nssv15135781	0.1828537
nssv15135827	0.017126143
nssv15135831	0.971012
nssv15135834	0.0282619
nssv15135851	0.99077094
nssv15135852	0.0043563843
nssv15135904	0.005247712
nssv15135911	0.017126143
nssv15135920	0.79770845
nssv15135939	0.37670565
nssv15135956	0.93800855
nssv15136025	0.49935704
nssv15136072	0.41899598
nssv15136088	0.42778283
nssv15136121	0.012282789
nssv15136144	0.02828139
nssv15136156	0.99619627
nssv15136221	1.0
nssv15136223	0.10307711
nssv15136226	0.024309456
nssv15136247	0.0073235035
nssv15136268	0.9969881
nssv15136294	0.0058791637
nssv15136338	0.9999964
nssv15136349	0.99453443
nssv15136378	0.26462054
nssv15136397	0.0068677664
nssv15136405	0.9819894
nssv15136410	0.49879158
nssv15136411	0.9659139
nssv15136429	0.9613273
nssv15136440	0.37670565
nssv15136446	0.11892372
nssv15136459	0.73696023
nssv15136544	0.87881243
nssv15136641	0.16326451
nssv15136654	0.08790809
nssv15136670	0.99998385
nssv15136701	1.0
nssv15136709	0.58254296
nssv15136710	0.9999964
nssv15136740	0.9611608
nssv15136750	0.26013702
nssv15136806	0.08790809
nssv15136840	0.13978165
nssv15136850	0.96829206
nssv15136856	0.0010480285
nssv15136890	0.99996203
nssv15136894	0.99974597
nssv15136913	0.99840343
nssv15136930	0.97550803
nssv15136960	0.9995368
nssv15136965	0.20966798
nssv15136977	0.18649077
nssv15137059	0.27172768
nssv15137071	0.06810641
nssv15137084	0.00470227
nssv15137100	0.8166861
nssv15137118	0.26462054
nssv15137122	0.92737424
nssv15137132	0.96780336
nssv15137133	0.6655158
nssv15137137	0.99892145
nssv15137192	0.121689975
nssv15137223	0.76008505
nssv15137235	0.9819894
nssv15137265	0.9437654
nssv15137278	0.1824978
nssv15137284	0.068978846
nssv15137299	0.0010480285
nssv15137319	0.05165994
nssv15137320	0.0042973757
nssv15137327	0.0455994
nssv15137350	0.9893613
nssv15137376	0.0013823509
nssv15137382	0.9999979
nssv15137391	0.5632225
nssv15137395	0.856457
nssv15137398	0.9910435
nssv15137418	0.99995714
nssv15137447	0.23402083
nssv15137470	0.96692055
nssv15137472	0.56748277
nssv15137482	0.99619627
nssv15137496	0.96246725
nssv15137538	0.99892426
nssv15137542	0.7596029
nssv15137558	0.3160318
nssv15137605	0.022861421
nssv15137633	0.9911467
nssv15137666	0.9266399
nssv15137713	0.9999978
nssv15137734	0.74618214
nssv15137766	0.99622315
nssv15137778	0.962946
nssv15137780	0.9622985
nssv15137793	0.6361251
nssv15137807	0.9998947
nssv15137812	0.9613733
nssv15137814	0.41899598
nssv15137820	0.43678063
nssv15137850	0.012282789
nssv15137856	0.006057799
nssv15137858	0.99892426
nssv15137869	0.9993817
nssv15137888	0.9668235
nssv15137911	0.89386785
nssv15137962	0.99719703
nssv15137987	0.9819894
nssv15137992	0.8903241
nssv15138006	0.99999815
nssv15138014	0.012615681
nssv15138032	0.073910415
nssv15138053	0.9966823
nssv15138082	0.72501814
nssv15138098	0.78534997
nssv15138117	0.984865
nssv15138127	0.98729104
nssv15138139	0.99860615
nssv15138143	0.96160907
nssv15138168	0.10134137
nssv15138193	0.5473598
nssv15138196	0.88537014
nssv15138208	0.99959856
nssv15138220	0.7131406
nssv15138246	0.10352582
nssv15138253	0.99999887
nssv15138257	0.9976825
nssv15138279	0.0053839684
nssv15138288	0.9819894
nssv15138296	0.9579929
nssv15138336	0.9987074
nssv15138382	0.99394274
nssv15138403	0.2168262
nssv15138440	0.9999832
nssv15138465	0.9998592
nssv15138491	0.9578438
nssv15138492	0.91369545
nssv15138506	0.9819894
nssv15138518	0.99077094
nssv15138529	0.99999994
nssv15138559	0.93659717
nssv15138574	0.9625141
nssv15138676	0.7596029
nssv15138715	0.99919
nssv15138735	0.6266282
nssv15138760	0.7596029
nssv15138770	0.9999716
nssv15138793	0.99919134
nssv15138795	0.9615319
nssv15138797	0.10352582
nssv15138803	0.9999979
nssv15138836	0.98472506
nssv15138845	0.8166861
nssv15138876	0.37670565
nssv15138911	0.41658467
nssv15138924	0.999701
nssv15138930	0.9774475
nssv15138932	0.7563664
nssv15138946	0.5632225
nssv15138962	0.72327805
nssv15138987	0.957585
nssv15138993	0.958201
nssv15139005	0.9932081
nssv15139006	0.96761817
nssv15139009	0.9892967
nssv15139012	0.011050642
nssv15139013	0.60191023
nssv15139041	0.9371312
nssv15139056	0.0081297755
nssv15139125	0.5632225
nssv15139127	0.99860615
nssv15139151	0.027556777
nssv15139157	0.999999
nssv15139169	0.011521757
nssv15139174	0.51785946
nssv15139197	0.021658838
nssv15139254	0.99999905
nssv15139260	0.3002106
nssv15139272	0.3234762
nssv15139291	0.9903358
nssv15139322	0.9618701
nssv15139326	0.30133522
nssv15139329	0.9726394
nssv15139344	0.9615319
nssv15139345	0.06311607
nssv15139408	0.02998358
nssv15139413	0.3045988
nssv15139438	0.96160907
nssv15139441	0.9999945
nssv15139459	0.9615319
nssv15139505	0.99995714
nssv15139529	0.9819894
nssv15139530	0.9613733
nssv15139532	0.9625286
nssv15139533	0.051868558
nssv15139534	0.9796658
nssv15139546	0.06810641
nssv15139561	0.957585
nssv15139611	0.30133522
nssv15139642	0.99999875
nssv15139666	0.9064126
nssv15139680	0.9615319
nssv15139685	0.6395322
nssv15139709	0.9862554
nssv15139711	0.029962063
nssv15139746	0.9613733
nssv15139747	0.9613733
nssv15139755	0.99795026
nssv15139766	0.004145384
nssv15139775	0.7292423
nssv15139843	0.37345046
nssv15139860	0.9999791
nssv15139876	0.99860615
nssv15139877	0.87552816
nssv15139988	0.009013534
nssv15140016	0.99878544
nssv15140027	0.029962063
nssv15140038	0.9999952
nssv15140041	0.9613733
nssv15140054	0.9999574
nssv15140061	0.99735266
nssv15140069	0.9952343
nssv15140098	0.17054039
nssv15140106	0.9881471
nssv15140107	0.11322659
nssv15140120	0.042289615
nssv15140133	0.8859459
nssv15140166	0.0047928095
nssv15140182	0.010799468
nssv15140200	0.9819894
nssv15140244	0.5575012
nssv15140260	0.04530573
nssv15140267	0.01651603
nssv15140292	0.0027000308
nssv15140295	0.15419316
nssv15140332	0.011161506
nssv15140345	0.9749509
nssv15140376	0.9985005
nssv15140399	0.30133522
nssv15140418	0.008310735
nssv15140420	0.013395369
nssv15140458	0.8166861
nssv15140515	0.99860615
nssv15140527	0.073910415
nssv15140538	0.02121669
nssv15140562	0.009615362
nssv15140579	0.22375917
nssv15140596	0.99008715
nssv15140604	0.99994236
nssv15140606	0.99998367
nssv15140611	0.6883067
nssv15140648	0.20495582
nssv15140653	0.99861735
nssv15140657	0.29562205
nssv15140785	0.26370525
nssv15140862	0.9613733
nssv15140882	0.97887725
nssv15140914	0.017368078
nssv15140919	0.036593676
nssv15140924	0.2854131
nssv15140950	0.017551959
nssv15140962	0.057186604
nssv15140968	0.13248962
nssv15141026	0.008239746
nssv15141054	0.3234762
nssv15141059	0.9999814
nssv15141104	0.18506217
nssv15141121	0.88537014
nssv15141132	0.9615319
nssv15141147	0.96160907
nssv15141189	0.96245325
nssv15141199	0.7419659
nssv15141219	0.9997114
nssv15141230	0.9991715
nssv15141242	0.89473933
nssv15141255	0.012615681
nssv15141259	0.4323331
nssv15141260	0.1250549
nssv15141268	0.56226075
nssv15141306	0.9999692
nssv15141317	0.43067288
nssv15141456	0.9995368
nssv15141468	0.8988543
nssv15141480	0.5686007
nssv15141487	0.06654596
nssv15141497	0.0031611323
nssv15141500	0.80249166
nssv15141520	0.9990022
nssv15141535	0.08239257
nssv15141577	0.42778283
nssv15141645	0.07617843
nssv15141675	0.31205958
nssv15141718	0.8166861
nssv15141721	0.99860615
nssv15141734	0.9737078
nssv15141784	0.8166861
nssv15141786	0.730984
nssv15141787	0.0056450367
nssv15141800	0.41092187
nssv15141813	0.97989047
nssv15141818	0.1426487
nssv15141836	0.15556318
nssv15141853	0.6820427
nssv15141872	0.003833294
nssv15141917	0.72501814
nssv15141927	0.0019157529
nssv15141943	0.99979764
nssv15141985	0.99999064
nssv15142012	0.8166861
nssv15142032	0.99832934
nssv15142076	0.9621344
nssv15142081	0.99585766
nssv15142083	0.9995368
nssv15142097	0.32106262
nssv15142105	0.98411816
nssv15142144	0.9615319
nssv15142185	0.9854128
nssv15142236	0.9643235
nssv15142250	0.93729556
nssv15142268	0.8166861
nssv15142295	0.9988785
nssv15142348	0.87881243
nssv15142356	0.99703544
nssv15142367	0.943413
nssv15142406	0.99980015
nssv15142445	0.9999947
nssv15142482	0.5885541
nssv15142511	0.96160907
nssv15142657	0.99892426
nssv15142662	0.99742895
nssv15142663	0.3234762
nssv15142666	0.0024980903
nssv15142734	0.2755003
nssv15142754	0.7610698
nssv15142760	0.0019157529
nssv15142765	0.2785833
nssv15142775	0.8166861
nssv15142807	0.5387223
nssv15142825	0.007862985
nssv15143125	0.10352582
nssv15143145	0.9970433
nssv15143153	0.18440795
nssv15143214	0.9975945
nssv15143555	1.0
nssv15143558	0.9970286
nssv15143585	0.95915586
nssv15143642	0.9217893
nssv15145654	0.9941208
nssv15145656	0.99999
nssv15145658	0.9999962
nssv15145663	0.99998
nssv15145667	0.7469677
nssv15145670	0.9742966
nssv15145698	0.9979091
nssv15145703	0.99968207
nssv15145726	0.99903804
nssv15145729	0.99999946
nssv15145731	0.9999993
nssv15145743	0.6416783
nssv15145745	0.99987316
nssv15145801	0.9808553
nssv15145802	0.9808553
nssv15145819	0.9999994
nssv15145827	0.9814928
nssv15145831	0.99911666
nssv15145834	1.0
nssv15145836	0.99976957
nssv15145850	0.9999997
nssv15145856	0.9999394
nssv15145865	0.98120695
nssv15145869	0.97402847
nssv15145875	0.9999953
nssv15145879	0.98886317
nssv15145887	0.9813924
nssv15145888	1.0
nssv15145898	0.9808553
nssv15145900	1.0
nssv15145914	1.0
nssv15145932	0.9999473
nssv15145942	0.020771861
nssv15145945	0.9999425
nssv15145951	0.99999964
nssv15145959	0.99999964
nssv15145965	0.99999464
nssv15145966	0.9999572
nssv15145967	0.99999
nssv15145969	0.99999994
nssv15145972	1.0
nssv15145973	0.99998
nssv15145978	0.99999946
nssv15145980	0.9999784
nssv15145995	1.0
nssv15146000	0.99990004
nssv15146004	1.0
nssv15146030	0.99999994
nssv15146038	0.99998
nssv15146039	0.9999959
nssv15146182	0.99999964
nssv15146185	0.9999928
nssv15146193	0.98728085
nssv15146203	0.99967724
nssv15146206	0.9999989
nssv15146211	0.9822872
nssv15146214	0.9999789
nssv15146215	0.9999999
nssv15146216	0.99998975
nssv15146222	1.0
nssv15146223	0.99994737
nssv15146252	1.0
nssv15146254	0.9968566
nssv15146262	0.5205909
nssv15146265	0.99999976
nssv15146266	1.0
nssv15146267	0.99966705
nssv15146320	0.99999815
nssv15146327	0.69235194
nssv15146339	1.0
nssv15146361	0.9981518
nssv15146362	0.99910337
nssv15146397	0.99998
nssv15146399	0.73972976
nssv15146402	0.96160907
nssv15146451	0.9734112
nssv15146458	1.0
nssv15146459	0.9999953
nssv15146460	0.99999994
nssv15146462	0.99998677
nssv15146485	0.9862554
nssv15146488	0.99996704
nssv15146489	0.8639028
nssv15146490	0.9999969
nssv15146491	0.9987663
nssv15146496	0.98386085
nssv15146499	0.9999488
nssv15146500	0.9999488
nssv15146509	0.9999929
nssv15146511	0.99982417
nssv15146522	0.99999994
nssv15146523	0.99860615
nssv15146524	0.99999994
nssv15146530	0.92746675
nssv15146531	0.17054039
nssv15146553	0.9999945
nssv15146554	0.99996006
nssv15146555	0.9970446
nssv15146556	0.9938572
nssv15146563	0.95102125
nssv15146565	0.9997821
nssv15146568	0.9999984
nssv15146573	1.0
nssv15146578	0.9962573
nssv15146579	0.9997011
nssv15146583	0.9319674
nssv15146584	0.6926315
nssv15146591	1.0
nssv15146612	0.9979653
nssv15146618	0.99999744
nssv15146622	0.9999953
nssv15146634	0.9764464
nssv15146635	0.9999488
nssv15146636	0.95152104
nssv15146637	0.9808553
nssv15146644	0.9999488
nssv15146667	0.99743956
nssv15146674	0.99993086
nssv15146676	0.6081762
nssv15146687	0.9734112
nssv15146688	0.9999999
nssv15146696	0.99999994
nssv15146702	0.99999726
nssv15146708	0.9805169
nssv15146717	1.0
nssv15146727	0.99999934
nssv15146729	0.99999994
nssv15146732	0.7049104
nssv15146742	0.9893294
nssv15146754	1.0
nssv15146761	0.9999865
nssv15146762	0.97098356
nssv15146767	0.80978656
nssv15146777	0.020771861
nssv15146788	1.0
nssv15146807	0.9999789
nssv15146815	0.9999998
nssv15146951	0.9814928
nssv15147020	0.99999
nssv15147021	1.0
nssv15147022	0.99999946
nssv15147023	0.9999998
nssv15147024	0.99999964
nssv15147025	0.99999946
nssv15147026	0.99999964
nssv15147028	0.99999964
nssv15147029	0.999975
nssv15147030	0.99999946
nssv15147031	0.99903804
nssv15147032	0.99998033
nssv15147033	0.9998052
nssv15147034	0.98216796
nssv15147040	0.9999997
nssv15147041	0.9993062
nssv15147051	0.9615319
nssv15147054	0.99999684
nssv15147057	0.92817324
nssv15147129	0.020771861
nssv15147158	0.9808553
nssv15147159	0.9808553
nssv15147160	0.9808553
nssv15147171	0.9995575
nssv15147173	0.9999032
nssv15147184	1.0
nssv15147185	0.9999995
nssv15147186	0.99984354
nssv15147187	0.99999815
nssv15147192	0.9970257
nssv15147194	0.9999998
nssv15147196	0.999997
nssv15147198	0.11818904
nssv15147199	0.99905306
nssv15147200	0.999905
nssv15147202	0.99997944
nssv15147204	0.992066
nssv15147229	0.999954
nssv15147256	0.99998975
nssv15147281	0.9999929
nssv15147288	0.9997352
nssv15147305	0.99945384
nssv15147312	0.99998844
nssv15147324	0.97415715
nssv15147329	0.9742966
nssv15147330	0.99999994
nssv15147332	0.99982417
nssv15147342	0.99999964
nssv15147354	0.99991286
nssv15147366	0.9999944
nssv15147373	1.0
nssv15147389	0.9999128
nssv15147391	0.99999964
nssv15147402	1.0
nssv15147406	0.9999999
nssv15147427	0.9814928
nssv15147429	0.9999999
nssv15147440	0.9999953
nssv15147442	1.0
nssv15147452	0.9999835
nssv15147453	0.9996796
nssv15147454	0.9999909
nssv15147457	0.9808553
nssv15147481	0.40927243
nssv15147483	0.054232776
nssv15147494	0.9973698
nssv15147500	0.99999
nssv15147502	0.9814928
nssv15147505	0.99997634
nssv15147510	0.9999793
nssv15147515	0.9813924
nssv15147529	0.99999964
nssv15147534	0.9999814
nssv15147539	1.0
nssv15147550	0.9808553
nssv15147551	0.9688108
nssv15147611	0.18506217
nssv15147631	0.9618701
nssv15147648	0.99995255
nssv15147651	1.0
nssv15147658	0.06392741
nssv15147669	0.72173953
nssv15147676	0.9999998
nssv15147680	0.9999996
nssv15147683	0.99998
nssv15147695	0.99999
nssv15147698	0.9732293
nssv15147702	0.9999953
nssv15147719	0.9819894
nssv15147726	0.9811657
nssv15147775	1.0
nssv15147813	1.0
nssv15147820	0.9465732
nssv15147827	0.097583234
nssv15147859	0.7295619
nssv15147878	0.17645127
nssv15147898	0.99874777
nssv15147900	1.0
nssv15147901	0.9999925
nssv15147902	0.99982417
nssv15147903	0.99982417
nssv15147904	0.69235194
nssv15147956	1.0
nssv15147976	1.0
nssv15147984	0.9999572
nssv15147991	0.99999946
nssv15147993	0.999999
nssv15148006	0.9999903
nssv15148016	1.0
nssv15148058	1.0
nssv15148062	0.99982417
nssv15148064	1.0
nssv15148066	0.007404506
nssv15148071	0.8728523
nssv15148078	0.014587104
nssv15148112	1.0
nssv15148120	1.0
nssv15148124	0.9999982
nssv15148138	0.9999488
nssv15148154	1.0
nssv15148171	0.9999909
nssv15148174	0.9999762
nssv15148192	0.9808553
nssv15148195	0.9808553
nssv15148206	0.9813924
nssv15148208	0.39004827
nssv15148210	0.9999875
nssv15148211	0.9999278
nssv15148226	0.9808553
nssv15148231	1.0
nssv15148243	0.9999488
nssv15148264	1.0
nssv15148279	0.5967678
nssv15148389	0.9621344
nssv15148391	0.9995575
nssv15148412	0.9618701
nssv15148422	0.9615319
nssv15148432	0.99999994
nssv15148462	0.99409354
nssv15148488	0.78710586
nssv15148489	0.99987984
nssv15148499	0.99894637
nssv15148505	0.9999999
nssv15148523	0.006302595
nssv15148537	0.5632225
nssv15148540	0.99995565
nssv15148554	1.0
nssv15148562	0.012176573
nssv15148589	0.37670565
nssv15148594	0.24783224
nssv15148606	0.971012
nssv15148609	0.18814099
nssv15148619	0.9994576
nssv15148632	1.0
nssv15148638	0.9999969
nssv15148650	0.24383092
nssv15148690	0.99999994
nssv15148734	0.87973523
nssv15148745	0.0037212968
nssv15148761	0.92037684
nssv15148763	1.0
nssv15148809	0.13792223
nssv15148810	0.10651964
nssv15148815	0.9618701
nssv15148816	0.19010752
nssv15148817	0.9988918
nssv15148823	0.9999984
nssv15148831	0.9999572
nssv15148844	1.0
nssv15148862	1.0
nssv15148866	0.99999
nssv15148889	1.0
nssv15148912	0.9999789
nssv15148914	0.9993666
nssv15148925	0.9880223
nssv15148941	0.9999955
nssv15148942	0.9999996
nssv15148950	0.9999962
nssv15148954	0.9999327
nssv15148962	0.99976295
nssv15148966	0.9996727
nssv15148968	1.0
nssv15148969	1.0
nssv15148972	1.0
nssv15148985	1.0
nssv15149001	1.0
nssv15149009	1.0
nssv15149012	0.9808553
nssv15149026	0.043167412
nssv15149032	0.2634552
nssv15149038	0.9999951
nssv15149108	0.72173953
nssv15149117	0.66798234
nssv15149121	0.9999998
nssv15149168	0.8034786
nssv15149187	0.9944058
nssv15149194	0.9999632
nssv15149209	0.9999997
nssv15149220	0.26462054
nssv15149249	0.27618384
nssv15149293	0.99994254
nssv15149296	0.5632225
nssv15149305	0.99896204
nssv15149324	1.0
nssv15149328	0.37290812
nssv15149347	0.9615319
nssv15149364	1.0
nssv15149377	0.99999964
nssv15149380	0.99998885
nssv15149400	1.0
nssv15149401	0.8166861
nssv15149406	1.0
nssv15149408	0.036593676
nssv15149420	0.8620707
nssv15149427	0.99999964
nssv15149438	0.7579572
nssv15149467	0.95145553
nssv15149488	0.9999895
nssv15149498	1.0
nssv15149508	1.0
nssv15149511	0.9999789
nssv15149547	1.0
nssv15149562	0.9808553
nssv15149567	0.05629021
nssv15149597	1.0
nssv15149646	0.41899598
nssv15149662	0.9819894
nssv15149671	0.9999289
nssv15149677	0.092659116
nssv15149678	0.9957759
nssv15149680	0.9991615
nssv15149704	0.99998975
nssv15149727	0.8837228
nssv15149729	0.6253382
nssv15149748	0.9615319
nssv15149771	0.30133522
nssv15149789	0.9994403
nssv15149796	0.14531732
nssv15149859	0.9808553
nssv15149860	0.9814928
nssv15149869	0.9997034
nssv15149886	0.9999538
nssv15149906	0.99998
nssv15149911	0.9999998
nssv15149926	0.9983714
nssv15149982	0.99999946
nssv15150011	0.15782094
nssv15150016	0.9808553
nssv15150047	0.9999832
nssv15150061	0.037146807
nssv15150072	0.9999971
nssv15150097	0.9808553
nssv15150118	0.9999032
nssv15150122	0.9999911
nssv15150123	0.8166861
nssv15150148	0.9999867
nssv15150155	0.7579572
nssv15150158	0.99998385
nssv15150161	1.0
nssv15150164	0.999552
nssv15150182	0.68582594
nssv15150198	1.0
nssv15150217	0.8903969
nssv15150229	0.9999032
nssv15150231	0.96760726
nssv15150232	0.49274105
nssv15150234	0.9925231
nssv15150259	0.9975611
nssv15150283	0.4756813
nssv15150316	0.33694255
nssv15150332	0.96160907
nssv15150376	0.6396632
nssv15150387	0.99998
nssv15150410	0.9997178
nssv15150440	0.5438264
nssv15150441	0.99979
nssv15150454	0.34719646
nssv15150482	0.9999308
nssv15150517	0.99999994
nssv15150536	0.49935704
nssv15150601	1.0
nssv15150625	1.0
nssv15150631	1.0
nssv15150637	0.9808553
nssv15150640	1.0
nssv15150643	0.9808553
nssv15150649	0.9999903
nssv15150655	0.022527099
nssv15150658	0.20495582
nssv15150673	0.99999946
nssv15150690	0.94869983
nssv15150699	0.9808553
nssv15150704	0.99276745
nssv15150709	0.22431463
nssv15150716	0.88537014
nssv15150722	1.0
nssv15150727	0.9999311
nssv15150775	0.99999964
nssv15150800	0.9906753
nssv15150840	0.05629021
nssv15150859	1.0
nssv15150914	0.36718327
nssv15150930	0.72327805
nssv15150936	1.0
nssv15150958	0.99999607
nssv15151007	0.9819894
nssv15151020	0.90616286
nssv15151041	0.9808553
nssv15151051	0.9999999
nssv15151073	0.10072458
nssv15151090	0.9814928
nssv15151092	0.9808553
nssv15151108	0.99999946
nssv15151112	0.99827236
nssv15151141	0.92706096
nssv15151147	0.067329705
nssv15151154	0.9819894
nssv15151156	0.99999267
nssv15151165	0.9615319
nssv15151180	0.17054039
nssv15151211	0.9999312
nssv15151220	0.99999994
nssv15151241	1.0
nssv15151247	0.9822152
nssv15151276	0.99999934
nssv15151277	0.10651964
nssv15151287	1.0
nssv15151289	0.9808553
nssv15151300	0.99999994
nssv15151316	0.61508846
nssv15151325	0.06708741
nssv15151346	0.9808553
nssv15151402	0.9999998
nssv15151403	0.99999994
nssv15151413	0.015795052
nssv15151425	0.99394274
nssv15151426	0.9932081
nssv15151468	0.90773624
nssv15151471	0.40227365
nssv15151479	0.029633224
nssv15151480	0.8166861
nssv15151489	0.8166861
nssv15151492	0.62801945
nssv15151511	0.9829234
nssv15151513	0.9910213
nssv15151515	0.93280506
nssv15151605	0.9999998
nssv15151847	0.9796658
nssv15151853	0.8837582
nssv15151861	0.99860615
nssv15151873	0.9998509
nssv15151877	0.8442606
nssv15151879	0.0036965609
nssv15151904	0.13564414
nssv15151943	0.039043605
nssv15152064	0.3016534
nssv15152094	0.91600573
nssv15152099	0.98450166
nssv15152111	0.7563664
nssv15152119	0.9621344
nssv15152120	0.99298567
nssv15152124	0.99619627
nssv15152130	0.66697234
nssv15152151	0.9932081
nssv15152192	0.065712094
nssv15152201	0.9958562
nssv15152260	0.30477905
nssv15152723	0.5473598
nssv15152724	0.5473598
nssv15152725	0.94794685
nssv15152726	0.9979117
nssv15152727	0.9995368
nssv15152728	0.9995368
nssv15152729	0.9995368
nssv15152730	0.9995368
nssv15152731	1.0
nssv15152827	0.43067288
nssv15152842	0.8021334
nssv15152855	0.9998986
nssv15152863	0.1327318
nssv15152885	0.99718744
nssv15152886	0.99892426
nssv15152889	0.9620231
nssv15152895	0.8903241
nssv15152898	0.99910146
nssv15152902	0.55225194
nssv15152909	0.8607584
nssv15152912	0.11794275
nssv15152958	0.019657075
nssv15153147	0.03634453
nssv15153148	0.08738136
nssv15153153	0.03840983
nssv15153283	0.036796153
nssv15153299	0.99692917
nssv15153304	0.9642331
nssv15153305	0.9650898
nssv15153306	0.9650898
nssv15153307	0.9650898
nssv15153308	0.9642331
nssv15153309	0.9650898
nssv15153310	0.9642331
nssv15153311	0.9652894
nssv15153312	0.9618701
nssv15153313	0.96160907
nssv15153314	0.9615319
nssv15153315	0.9613733
nssv15153316	0.9979432
nssv15153321	0.020610273
nssv15153348	0.9997011
nssv15153353	0.9319674
nssv15153355	0.70574415
nssv15153447	0.20495582
nssv15153465	0.8408084
nssv15153484	0.93800855
nssv15153486	0.08865899
nssv15153495	0.06532216
nssv15153502	0.99132365
nssv15153504	0.9889539
nssv15153506	0.9986236
nssv15153514	0.5467922
nssv15153516	0.29370517
nssv15153517	0.9862029
nssv15153519	0.014776528
nssv15153522	0.046872616
nssv15153530	0.10440713
nssv15153540	1.0
nssv15153551	0.9819894
nssv15153552	0.9746769
nssv15153655	0.9970433
nssv15153656	0.99892426
nssv15153657	0.99990004
nssv15153660	0.9999759
nssv15153663	0.99929535
nssv15153677	0.9829234
nssv15153680	0.8857908
nssv15154020	0.9403762
nssv15154021	0.9851365
nssv15154023	0.9813428
nssv15154030	0.19753194
nssv15154039	0.6717493
nssv15154046	0.99703544
nssv15154047	0.9970184
nssv15154049	0.9642331
nssv15154050	0.9615319
nssv15154054	0.0037212968
nssv15154055	0.0023163557
nssv15154058	0.004616201
nssv15154062	0.93736815
nssv15154065	0.8707624
nssv15154069	0.9913425
nssv15154374	0.013735294
nssv15154378	0.9369596
nssv15154387	0.121689975
nssv15154394	0.9965758
nssv15154403	0.9867877
nssv15154404	0.97240853
nssv15154467	0.8166861
nssv15154477	0.8166861
nssv15154482	0.016163945
nssv15154491	0.58122593
nssv15154504	0.3024245
nssv15154515	0.8772023
nssv15154521	0.98450166
nssv15154522	0.9987972
nssv15154524	0.95490575
nssv15154526	0.99982417
nssv15155699	0.99814343
nssv15155706	0.1431064
nssv15156370	0.99991983
nssv15156371	0.99999946
nssv15156372	1.0
nssv15156375	0.9883733
nssv15156394	0.9659139
nssv15156395	0.9642331
nssv15156396	0.9618701
nssv15156397	0.96160907
nssv15156398	0.9613733
nssv15156399	0.9619783
nssv15156400	0.9613733
nssv15156415	0.47685838
nssv15156632	0.48691714
nssv15156635	0.9999901
nssv15156643	0.08586949
nssv15156646	0.2463907
nssv15156648	0.0008508563
nssv15156657	0.17159206
nssv15156658	0.17645127
nssv15156660	0.3628466
nssv15156664	0.21299064
nssv15156665	0.17543054
nssv15156666	0.17543054
nssv15156678	0.53326833
nssv15156679	1.0
nssv15156686	0.34602386
nssv15156693	0.06691098
nssv15156694	0.08586949
nssv15156696	0.0008508563
nssv15156697	0.0008508563
nssv15156700	0.0008508563
nssv15156705	0.048458755
nssv15156706	0.9691577
nssv15156711	0.17159206
nssv15156716	0.999453
nssv15156718	0.17543054
nssv15156719	0.17543054
nssv15156726	0.023493946
nssv15156730	0.14705813
nssv15156733	0.036373734
nssv15156736	0.022194207
nssv15156738	0.5746906
nssv15156749	0.021324813
nssv15156750	0.0030496716
nssv15156752	0.0030496716
nssv15156754	0.1610452
nssv15156755	0.6839917
nssv15156760	0.022285998
nssv15156761	0.055806816
nssv15156770	0.0035732985
nssv15156771	0.0035732985
nssv15156784	0.88416344
nssv15156786	0.88416344
nssv15156787	0.88416344
nssv15156788	0.23789382
nssv15156791	0.7295619
nssv15156792	0.7295619
nssv15156795	0.09008795
nssv15156796	0.09008795
nssv15156797	0.09008795
nssv15156798	0.09008795
nssv15156804	0.19010752
nssv15156805	0.26013702
nssv15156809	0.26013702
nssv15156813	0.029851139
nssv15156822	0.018960059
nssv15156823	0.018960059
nssv15156825	0.004050851
nssv15156846	0.034950018
nssv15156856	0.10808909
nssv15156868	0.12990987
nssv15156869	0.13582546
nssv15156874	0.9615319
nssv15156882	0.003999114
nssv15156883	0.004267335
nssv15156889	0.0037212968
nssv15156890	0.0015799403
nssv15156900	0.3029616
nssv15156903	0.3029616
nssv15156904	0.3029616
nssv15156905	0.3029616
nssv15156972	0.012282789
nssv15156975	0.012282789
nssv15156976	0.0077718496
nssv15156977	0.7604881
nssv15156978	0.02121669
nssv15156979	0.04826653
nssv15156980	0.02121669
nssv15156981	0.08190632
nssv15156982	0.0766747
nssv15156983	0.0766747
nssv15156986	0.4160679
nssv15156987	0.0025065541
nssv15156996	0.13044947
nssv15156997	0.60316944
nssv15157006	0.00060111284
nssv15157007	0.00027352571
nssv15157009	0.0012493134
nssv15157370	0.14705813
nssv15157375	0.036373734
nssv15157378	0.36250496
nssv15157380	0.5543542
nssv15157381	0.5543542
nssv15157382	0.7470216
nssv15157386	0.1610452
nssv15157387	0.1610452
nssv15157388	0.1610452
nssv15157389	0.1610452
nssv15157393	0.22333384
nssv15157394	0.056954622
nssv15157395	0.056954622
nssv15157396	0.055806816
nssv15157416	0.88416344
nssv15157417	0.88416344
nssv15157426	0.10673946
nssv15157432	0.19010752
nssv15157433	0.26013702
nssv15157442	0.018960059
nssv15157446	0.004050851
nssv15157447	0.004050851
nssv15157448	0.004050851
nssv15157455	0.29406774
nssv15157456	0.29406774
nssv15157457	0.29406774
nssv15157493	0.15914148
nssv15157509	0.07242447
nssv15157514	0.962668
nssv15157515	0.957585
nssv15157517	0.71190226
nssv15157518	0.0110471845
nssv15157519	0.016003013
nssv15157520	0.033243477
nssv15157521	0.00825423
nssv15157528	0.0037212968
nssv15157540	1.0
nssv15157548	0.3029616
nssv15157549	0.3029616
nssv15157554	0.21330887
nssv15157559	0.35360825
nssv15157585	0.012282789
nssv15157586	0.012282789
nssv15157587	0.012282789
nssv15157588	0.013782561
nssv15157589	0.012282789
nssv15157591	0.033506334
nssv15157592	0.033506334
nssv15157593	0.2450031
nssv15157595	0.02121669
nssv15157596	0.02121669
nssv15157597	0.0766747
nssv15157598	0.0766747
nssv15157599	0.0766747
nssv15157605	0.0056892037
nssv15157631	0.012282789
nssv15157632	0.012282789
nssv15157633	0.012282789
nssv15157635	0.033506334
nssv15157638	0.02121669
nssv15157640	0.0766747
nssv15157641	0.0766747
nssv15157642	0.0766747
nssv15157644	0.0025065541
nssv15157645	0.4160679
nssv15157646	0.6067272
nssv15157647	0.3572551
nssv15157649	0.72689056
nssv15157650	0.23054922
nssv15157656	0.13044947
nssv15157669	0.0011384487
nssv15157670	0.0024827123
nssv15157677	8.3982944e-05
nssv15157682	0.0015096664
nssv15157683	0.00026071072
nssv15158293	0.0766747
nssv15158296	0.0025065541
nssv15158297	0.4160679
nssv15158306	0.057186604
nssv15158311	0.23054922
nssv15158314	0.13044947
nssv15158315	0.13044947
nssv15158331	0.15478444
nssv15158334	0.0011384487
nssv15158336	0.0011384487
nssv15158338	0.013695478
nssv15158340	0.0002014637
nssv15158342	0.00093251467
nssv15158343	0.0012601614
nssv15161038	0.9999678
nssv15161418	0.33886743
nssv15161419	0.9988595
nssv15161501	0.9994782
nssv15161525	0.9926185
nssv15161543	0.999609
nssv15161558	0.33886743
nssv15161572	0.99999994
nssv15161784	0.98619235
nssv15161789	0.99999934
nssv15161805	0.9993537
nssv15162890	0.9437654
nssv15162905	0.30133522
nssv15162909	0.019011736
nssv15162939	0.93877774
nssv15162944	0.21412945
nssv15162945	0.21412945
nssv15162946	0.21412945
nssv15162947	0.21412945
nssv15162958	0.0699448
nssv15162962	0.069098055
nssv15162972	0.2269715
nssv15163000	0.26968044
nssv15163001	0.030290723
nssv15163003	0.01540333
nssv15163004	0.01540333
nssv15163005	0.009475291
nssv15163006	0.9723252
nssv15163007	0.0019157529
nssv15163008	0.003719449
nssv15163010	0.37670565
nssv15163011	0.37670565
nssv15163014	0.37670565
nssv15163017	0.25601965
nssv15163018	0.16648537
nssv15163019	0.04915774
nssv15163020	0.5611498
nssv15163024	0.052969873
nssv15163025	0.07955146
nssv15163030	0.0670023
nssv15163036	0.024037123
nssv15163037	0.024037123
nssv15163038	0.024037123
nssv15163042	0.024037123
nssv15163048	0.15782094
nssv15163050	0.15782094
nssv15163054	0.24250722
nssv15163061	0.31786036
nssv15163062	0.13344604
nssv15163063	0.13344604
nssv15163083	0.049479365
nssv15163084	0.049479365
nssv15163085	0.025071621
nssv15163086	0.025071621
nssv15163087	0.025071621
nssv15163088	0.025071621
nssv15163089	0.025071621
nssv15163096	0.0058791637
nssv15163467	0.26763928
nssv15163479	0.08311033
nssv15163495	0.04814875
nssv15163496	0.04814875
nssv15163497	0.04814875
nssv15163501	0.20980579
nssv15163502	0.20980579
nssv15163509	0.015607357
nssv15163510	0.015607357
nssv15163511	0.007689476
nssv15163512	0.007689476
nssv15163514	0.11335838
nssv15163516	0.11335838
nssv15163524	0.99613565
nssv15163526	0.008310735
nssv15163527	0.008310735
nssv15163528	0.008310735
nssv15163533	0.20705497
nssv15163534	0.20705497
nssv15163538	0.020372152
nssv15163539	0.0011002421
nssv15163542	0.7598653
nssv15163544	0.7598653
nssv15163550	0.08126128
nssv15163555	0.01936984
nssv15163556	0.22164166
nssv15163557	0.01936984
nssv15163559	0.8030312
nssv15163735	0.20495582
nssv15163736	0.30133522
nssv15163753	0.21412945
nssv15163763	0.0699448
nssv15163764	0.07254851
nssv15163765	0.07254851
nssv15163766	0.07254851
nssv15163774	0.467142
nssv15163785	0.2269715
nssv15163820	0.22054124
nssv15163830	0.044293344
nssv15163832	0.0014438629
nssv15163842	0.394778
nssv15163868	0.53740287
nssv15163879	0.67011476
nssv15163881	0.67011476
nssv15163882	0.67011476
nssv15163883	0.67011476
nssv15163892	0.022583425
nssv15163893	0.022583425
nssv15163894	0.022583425
nssv15163906	0.76788175
nssv15163911	0.049375057
nssv15163912	0.058968425
nssv15163923	0.03052777
nssv15163924	0.03052777
nssv15163930	0.90222085
nssv15163935	0.16177154
nssv15163956	0.025757313
nssv15163957	0.0029084086
nssv15163960	0.4043675
nssv15163964	0.04606241
nssv15163966	0.34685564
nssv15163967	0.29406816
nssv15164152	0.30133522
nssv15164153	0.07435709
nssv15164167	0.21412945
nssv15164171	0.009882569
nssv15164172	0.022583425
nssv15164174	0.49682903
nssv15164181	0.03052777
nssv15164206	0.059637845
nssv15164211	0.10440713
nssv15164215	0.04057491
nssv15164226	0.1327318
nssv15164236	0.015607357
nssv15164237	0.11335838
nssv15164239	0.1325463
nssv15164249	0.020372152
nssv15164250	0.04888016
nssv15164253	0.8030312
nssv15164254	0.8030312
nssv15164264	0.84113294
nssv15164268	0.26567554
nssv15164271	0.22620499
nssv15164515	0.01540333
nssv15164516	0.01540333
nssv15164517	0.37670565
nssv15164523	0.04915774
nssv15164529	0.6930375
nssv15164535	0.034027457
nssv15164538	0.036599934
nssv15164570	0.10053551
nssv15164575	0.86682796
nssv15164580	0.86682796
nssv15164583	0.049479365
nssv15164584	0.049479365
nssv15164587	0.025071621
nssv15164588	0.025071621
nssv15164589	0.025071621
nssv15164590	0.025071621
nssv15164595	0.08865899
nssv15164597	0.47846287
nssv15164599	0.00087857246
nssv15164600	0.0058791637
nssv15164601	0.00087857246
nssv15164635	0.22054124
nssv15164650	0.21271574
nssv15164652	0.21271574
nssv15164653	0.23402083
nssv15164659	0.394778
nssv15164660	0.394778
nssv15164661	0.394778
nssv15164675	0.003042698
nssv15164680	0.16523683
nssv15164681	0.16523683
nssv15164683	0.01579392
nssv15164697	0.09605479
nssv15164699	0.09605479
nssv15164700	0.014818847
nssv15164702	0.67011476
nssv15164703	0.67011476
nssv15164707	0.009882569
nssv15164709	0.022583425
nssv15164763	0.99999994
nssv15164771	0.32497537
nssv15164772	0.31963956
nssv15164773	0.31963956
nssv15164774	0.31963956
nssv15164785	0.007904172
nssv15164786	0.001080215
nssv15164787	0.0019703507
nssv15164792	0.6429944
nssv15164793	0.6363304
nssv15164804	0.050557733
nssv15164806	0.4952712
nssv15164807	0.4952712
nssv15164820	0.0071085095
nssv15164822	0.0071085095
nssv15164823	0.0071085095
nssv15164824	0.06041634
nssv15164828	0.8980556
nssv15164829	0.8980556
nssv15164830	0.8980556
nssv15164832	0.8980556
nssv15164835	0.8980556
nssv15164850	0.54400504
nssv15164851	0.54400504
nssv15164852	0.005819142
nssv15164855	0.24687886
nssv15164862	0.012085974
nssv15164863	0.012085974
nssv15164865	0.012085974
nssv15164866	0.012085974
nssv15164917	0.39526403
nssv15164933	0.19225335
nssv15164934	0.19225335
nssv15164949	0.01936984
nssv15164950	0.01936984
nssv15164951	0.8030312
nssv15164952	0.8030312
nssv15164953	0.8030312
nssv15164955	0.9819894
nssv15164962	0.22620499
nssv15165409	0.058968425
nssv15165411	0.058968425
nssv15165412	0.30007124
nssv15165416	0.16177154
nssv15165430	0.048021615
nssv15165431	0.025757313
nssv15165432	0.0029084086
nssv15165436	0.059637845
nssv15165449	0.20980579
nssv15165451	0.015607357
nssv15165452	0.007689476
nssv15165453	0.007689476
nssv15165454	0.11335838
nssv15165459	0.99999905
nssv15165460	0.01936984
nssv15165461	0.8030312
nssv15165462	0.8030312
nssv15165463	0.00087302923
nssv15165464	0.8030312
nssv15165470	0.22620499
nssv15165472	0.22620499
nssv15165646	0.39431
nssv15165648	0.7594904
nssv15165661	0.09492451
nssv15165667	0.6134166
nssv15165670	0.33385086
nssv15165671	0.33385086
nssv15165673	0.33385086
nssv15165677	0.8903241
nssv15165682	0.03982067
nssv15165688	0.42323887
nssv15165691	0.77270573
nssv15165697	0.38032967
nssv15165704	0.017126143
nssv15165705	0.06810641
nssv15165706	0.017126143
nssv15165707	0.017126143
nssv15165708	0.017126143
nssv15165709	0.017126143
nssv15165710	0.017126143
nssv15165711	0.014686465
nssv15165714	0.046093702
nssv15165715	0.046093702
nssv15165716	0.03884244
nssv15165717	0.046093702
nssv15165718	0.0455994
nssv15165719	0.0135525465
nssv15165720	0.007544279
nssv15165721	0.0135525465
nssv15165727	0.3761686
nssv15165729	0.027289212
nssv15165730	0.027289212
nssv15165737	0.26715922
nssv15165741	0.1760515
nssv15165745	0.033315122
nssv15165746	0.033315122
nssv15165766	0.50743026
nssv15165770	0.7116852
nssv15165771	0.0801307
nssv15165773	0.0023107529
nssv15165832	0.046987414
nssv15165843	0.24783224
nssv15165855	0.015291512
nssv15166279	0.012615681
nssv15166280	0.012615681
nssv15166281	0.37682354
nssv15166282	1.0
nssv15166287	0.08636981
nssv15166292	0.06610638
nssv15166293	0.6363304
nssv15166294	0.6363304
nssv15166295	0.6363304
nssv15166296	0.6363304
nssv15166356	0.19536376
nssv15166357	0.5329248
nssv15166358	0.050557733
nssv15166361	0.4952712
nssv15166362	0.4952712
nssv15166363	0.4952712
nssv15166374	0.0071085095
nssv15166375	0.0071085095
nssv15166376	0.0071085095
nssv15166377	0.0071085095
nssv15166378	0.0071085095
nssv15166380	0.06041634
nssv15166381	0.06041634
nssv15166383	0.8980556
nssv15166384	0.8980556
nssv15166385	0.8980556
nssv15166400	0.54400504
nssv15166401	0.54400504
nssv15166403	0.005819142
nssv15166404	0.005819142
nssv15166406	0.005819142
nssv15166407	0.005819142
nssv15166416	0.012085974
nssv15166417	0.21006775
nssv15166421	0.01970023
nssv15166451	0.39526403
nssv15166467	0.19225335
nssv15166489	0.7594904
nssv15166490	0.7594904
nssv15166491	0.7594904
nssv15166495	0.11957145
nssv15166508	0.009735525
nssv15166511	0.6134166
nssv15166515	0.04548794
nssv15166516	0.33385086
nssv15166525	0.03982067
nssv15166530	0.5632833
nssv15166532	0.42323887
nssv15166533	0.42323887
nssv15166537	0.015795052
nssv15166544	0.13564414
nssv15166547	0.061816156
nssv15166549	0.017126143
nssv15166550	0.017126143
nssv15166551	0.017126143
nssv15166552	0.017126143
nssv15166553	0.017126143
nssv15166554	0.017126143
nssv15166555	0.014686465
nssv15166556	0.014686465
nssv15166558	0.051868558
nssv15166559	0.03884244
nssv15166560	0.046093702
nssv15166561	0.0455994
nssv15166562	0.0135525465
nssv15166566	0.17054039
nssv15166576	0.001578629
nssv15166584	0.29854548
nssv15166596	0.0103055835
nssv15166597	0.02187264
nssv15166601	0.0013045073
nssv15166602	0.0005866885
nssv15166603	0.009309232
nssv15166604	0.009309232
nssv15166607	0.0044867396
nssv15166613	0.2355237
nssv15166615	0.37363172
nssv15166617	0.40918565
nssv15166622	0.0047022104
nssv15166623	0.0047022104
nssv15166638	0.0011859536
nssv15166659	0.99394274
nssv15166660	0.99394274
nssv15166665	0.1834864
nssv15166677	0.007868588
nssv15166678	0.06116557
nssv15166679	0.06116557
nssv15166680	0.7846388
nssv15166681	0.7846388
nssv15166682	0.7846388
nssv15166683	0.7846388
nssv15166684	0.7846388
nssv15166808	0.014021337
nssv15166810	0.040242672
nssv15166811	0.040242672
nssv15166812	0.040242672
nssv15166813	0.014021337
nssv15166814	0.014021337
nssv15166822	0.044644296
nssv15166823	0.044644296
nssv15166824	0.044644296
nssv15166825	0.044644296
nssv15166830	0.114568174
nssv15166833	0.02141422
nssv15166834	0.02141422
nssv15166835	0.184277
nssv15166842	0.41899598
nssv15166847	0.41899598
nssv15166848	0.41899598
nssv15166858	0.27795637
nssv15166859	0.27795637
nssv15166860	0.27795637
nssv15166861	0.27795637
nssv15166867	0.09665978
nssv15166870	0.03048706
nssv15166872	0.12819582
nssv15166873	0.3877498
nssv15166874	0.088980556
nssv15166877	0.037630916
nssv15166880	0.04068488
nssv15166893	0.19068289
nssv15166901	0.032069802
nssv15166908	0.42778283
nssv15166910	0.18506217
nssv15166911	0.18506217
nssv15166913	0.18506217
nssv15166916	0.33886743
nssv15166917	0.0031611323
nssv15166935	0.9997001
nssv15166938	0.36722565
nssv15166940	0.47036546
nssv15166945	0.176364
nssv15166946	0.176364
nssv15166951	0.0029013157
nssv15166967	0.038924694
nssv15166975	0.012324929
nssv15166984	0.1880399
nssv15166986	0.1600734
nssv15166987	0.1600734
nssv15166990	0.80511224
nssv15166991	0.80511224
nssv15166992	0.80511224
nssv15166997	0.5152128
nssv15167001	0.25392127
nssv15167012	0.4732811
nssv15167022	0.0020842552
nssv15167023	0.0031915307
nssv15167024	0.0042973757
nssv15167256	0.0135525465
nssv15167257	0.0135525465
nssv15167258	0.0135525465
nssv15167260	0.0135525465
nssv15167261	0.0060539246
nssv15167262	0.0060539246
nssv15167277	0.027289212
nssv15167279	0.027289212
nssv15167280	0.027289212
nssv15167282	0.570664
nssv15167283	0.094189584
nssv15167292	0.26715922
nssv15167294	0.26715922
nssv15167295	0.26715922
nssv15167298	0.26715922
nssv15167300	0.26715922
nssv15167301	0.26715922
nssv15167303	0.24047822
nssv15167304	0.39798605
nssv15167308	0.23404503
nssv15167313	0.99795616
nssv15167325	0.0023107529
nssv15167365	0.10651964
nssv15167374	0.017685711
nssv15167375	0.017685711
nssv15167386	0.30955148
nssv15167390	0.24783224
nssv15167391	0.24783224
nssv15167392	0.24783224
nssv15167408	0.015291512
nssv15167414	0.025308907
nssv15167416	0.002665162
nssv15167437	0.17672777
nssv15167445	0.29726732
nssv15167446	0.29726732
nssv15167448	0.008512735
nssv15167449	0.008512735
nssv15167450	0.05125928
nssv15167453	0.008512735
nssv15167456	0.044190645
nssv15167457	0.00881356
nssv15167459	0.02187264
nssv15167460	0.02318871
nssv15167464	0.0013045073
nssv15167465	0.00872767
nssv15167467	0.0032158494
nssv15167476	0.18187028
nssv15167478	0.0047022104
nssv15167719	0.014529586
nssv15167734	0.98219115
nssv15167735	0.9808553
nssv15167736	0.9808553
nssv15167737	0.9814928
nssv15167738	0.98106354
nssv15167740	0.90757287
nssv15167742	0.09072816
nssv15167743	0.09242141
nssv15167744	0.09242141
nssv15167745	0.09242141
nssv15167746	0.09242141
nssv15167747	0.09072816
nssv15167748	0.09242141
nssv15167750	0.003085196
nssv15167751	0.9992629
nssv15167752	0.0063756704
nssv15167767	0.3234762
nssv15167770	0.072826326
nssv15167784	0.05165994
nssv15167785	0.05165994
nssv15167794	0.017160952
nssv15167795	0.99908686
nssv15167801	0.016086996
nssv15167803	0.012961924
nssv15167804	0.9880456
nssv15167809	0.040174067
nssv15167810	0.040174067
nssv15167812	0.42625195
nssv15167814	0.010825098
nssv15167815	0.010825098
nssv15167819	0.10915804
nssv15167823	0.21844864
nssv15167836	0.10134137
nssv15167837	0.10134137
nssv15167838	0.10134137
nssv15167839	0.10134137
nssv15167841	0.10134137
nssv15167842	0.10134137
nssv15167843	0.10134137
nssv15167844	0.10134137
nssv15167861	0.55530363
nssv15167868	0.025304079
nssv15167873	0.03634453
nssv15167878	0.012878418
nssv15167886	0.2425701
nssv15167888	0.17347127
nssv15167889	0.17347127
nssv15167890	0.17347127
nssv15167891	0.17347127
nssv15167894	0.004632592
nssv15167895	0.02873838
nssv15167896	0.33302313
nssv15167897	0.31707042
nssv15167898	0.31262583
nssv15167899	0.024374187
nssv15167900	0.004145384
nssv15167914	0.5632225
nssv15167915	0.5632225
nssv15167917	1.0
nssv15167923	0.0352059
nssv15167924	0.024261236
nssv15167926	0.0014478564
nssv15167938	0.048535943
nssv15167939	0.048535943
nssv15167940	0.048535943
nssv15167941	0.048535943
nssv15168016	0.16326451
nssv15168020	0.014021337
nssv15168021	0.014021337
nssv15168022	0.014021337
nssv15168024	0.014021337
nssv15168027	0.014021337
nssv15168028	0.033527255
nssv15168029	0.014021337
nssv15168030	0.014021337
nssv15168035	0.044644296
nssv15168036	0.044644296
nssv15168037	0.044644296
nssv15168038	0.044644296
nssv15168039	0.044644296
nssv15168041	0.044644296
nssv15168042	0.044644296
nssv15168050	0.02141422
nssv15168051	0.02141422
nssv15168055	0.41899598
nssv15168057	0.41899598
nssv15168058	0.41899598
nssv15168059	0.41899598
nssv15168065	0.27795637
nssv15168082	0.12819582
nssv15168083	0.12819582
nssv15168092	0.037630916
nssv15168093	0.081912994
nssv15168097	0.04068488
nssv15168114	0.35262752
nssv15168118	0.032069802
nssv15168133	0.42778283
nssv15168148	0.015788019
nssv15168173	0.9997001
nssv15168177	0.02307415
nssv15168234	0.0018853545
nssv15168238	0.0017669797
nssv15168244	0.004704416
nssv15168245	0.001011312
nssv15168666	0.020771861
nssv15168673	0.020771861
nssv15168674	0.020771861
nssv15168676	0.020771861
nssv15168677	0.020771861
nssv15168678	0.020771861
nssv15168679	0.020771861
nssv15168680	0.020771861
nssv15168681	0.020771861
nssv15168682	0.020771861
nssv15168875	0.26083744
nssv15168877	0.10042083
nssv15168881	0.038924694
nssv15168882	0.038924694
nssv15168889	0.17559743
nssv15168890	0.033868194
nssv15168896	0.1880399
nssv15168898	0.1600734
nssv15168899	0.1600734
nssv15168900	0.1600734
nssv15168901	0.1600734
nssv15168902	0.80511224
nssv15168904	0.80511224
nssv15168910	0.011062324
nssv15168912	0.5152128
nssv15168913	0.5152128
nssv15168917	0.07244122
nssv15168935	0.4732811
nssv15168936	0.4732811
nssv15168937	0.4732811
nssv15168953	0.0011148453
nssv15168954	0.00039196014
nssv15168956	0.0042973757
nssv15168957	0.0042973757
nssv15168959	0.0042973757
nssv15168968	0.2168262
nssv15168970	0.28526098
nssv15168976	0.08738136
nssv15168977	0.9808553
nssv15168979	0.09242141
nssv15168981	0.09072816
nssv15168982	0.09072816
nssv15168983	0.09072816
nssv15168984	0.09242141
nssv15168985	0.09242141
nssv15168997	0.049277663
nssv15169002	0.072826326
nssv15169012	0.47027767
nssv15169024	0.18150365
nssv15169026	0.0136396885
nssv15169035	0.012961924
nssv15169037	0.040174067
nssv15169038	0.040174067
nssv15169040	0.010825098
nssv15169041	0.010825098
nssv15169060	0.011161506
nssv15169062	0.10134137
nssv15169063	0.10134137
nssv15169064	0.10134137
nssv15169065	0.10134137
nssv15169066	0.10134137
nssv15169068	0.10134137
nssv15169069	0.10134137
nssv15169070	0.10134137
nssv15169071	0.10134137
nssv15169073	0.10134137
nssv15169074	0.10134137
nssv15169077	0.22375917
nssv15169091	0.66735166
nssv15169098	0.42682582
nssv15169100	0.025304079
nssv15169101	0.025304079
nssv15169565	0.9415386
nssv15169797	0.010386944
nssv15169798	0.26370525
nssv15169802	0.17347127
nssv15169803	0.17347127
nssv15169804	0.17347127
nssv15169806	0.3170144
nssv15169809	0.5632225
nssv15169820	0.001879096
nssv15169821	0.048535943
nssv15169822	0.048535943
nssv15169823	0.23327816
nssv15169834	0.020771861
nssv15169835	0.020771861
nssv15169838	0.020771861
nssv15169839	0.020771861
nssv15169840	0.020771861
nssv15169845	0.5626729
nssv15169846	0.036796153
nssv15169850	0.04093522
nssv15169855	0.3355202
nssv15169860	0.007812619
nssv15169861	0.41597128
nssv15169862	0.3485152
nssv15169880	0.8389038
nssv15169882	0.034950018
nssv15169889	0.067680776
nssv15169892	0.09458023
nssv15169893	0.09458023
nssv15169894	0.09458023
nssv15169895	0.09458023
nssv15169896	0.0005515218
nssv15169897	0.00454849
nssv15169898	0.53375024
nssv15169901	0.45993018
nssv15169907	0.007357061
nssv15169913	0.9613733
nssv15169918	0.00023728609
nssv15169923	0.17384851
nssv15169928	0.0026589036
nssv15169932	0.12491584
nssv15169936	0.031044185
nssv15169938	0.04399067
nssv15169939	0.04399067
nssv15169940	0.029357672
nssv15169946	0.14185256
nssv15169947	0.14185256
nssv15169948	0.14185256
nssv15169958	0.85147893
nssv15169959	0.02358234
nssv15169960	0.07981956
nssv15169961	0.07981956
nssv15169962	0.07981956
nssv15169963	0.07981956
nssv15169978	0.12111348
nssv15169993	0.0077718496
nssv15169999	0.02121669
nssv15170000	0.008242309
nssv15170007	0.0766747
nssv15170008	0.0766747
nssv15170012	0.06213361
nssv15170014	0.030066133
nssv15170015	0.030066133
nssv15170016	0.030066133
nssv15170018	0.10850793
nssv15170019	0.30477905
nssv15170027	0.09116787
nssv15170260	0.34602386
nssv15170261	0.34344965
nssv15170268	0.0008508563
nssv15170269	0.79209894
nssv15170270	0.0008508563
nssv15170272	0.7824937
nssv15170273	0.72719777
nssv15170275	0.16280627
nssv15170276	0.1250549
nssv15170277	0.048458755
nssv15170278	0.048458755
nssv15170280	0.05113536
nssv15170283	0.062108338
nssv15170286	0.23186189
nssv15170299	0.14705813
nssv15170300	0.015374422
nssv15170301	0.057402372
nssv15170302	0.0613842
nssv15170303	0.012402058
nssv15170304	0.067986846
nssv15170314	0.0098801255
nssv15170324	0.024714887
nssv15170329	0.37803698
nssv15170334	0.2793339
nssv15170338	0.036796153
nssv15170339	0.036796153
nssv15170345	0.12151015
nssv15170346	0.12151015
nssv15170348	0.4430163
nssv15170349	0.4430163
nssv15170354	0.3355202
nssv15170362	0.08398789
nssv15170363	0.08398789
nssv15170364	0.053103685
nssv15170556	0.34344965
nssv15170557	0.34344965
nssv15170558	0.99999934
nssv15170559	0.02553296
nssv15170560	0.088838935
nssv15170564	0.043346643
nssv15170567	0.1250549
nssv15170568	0.878204
nssv15170569	0.7371155
nssv15170570	0.05113536
nssv15170573	0.062108338
nssv15170574	0.9587368
nssv15170576	0.011586189
nssv15170582	0.01019454
nssv15170583	0.00029736757
nssv15170590	0.0046679378
nssv15170593	0.03150922
nssv15170599	0.02680993
nssv15170600	0.02680993
nssv15170604	0.040691018
nssv15170605	0.009685218
nssv15170606	0.4430163
nssv15170609	0.2953933
nssv15170611	0.0065687895
nssv15170613	0.8429694
nssv15170615	0.0982312
nssv15170616	0.007812619
nssv15170617	0.007812619
nssv15170619	0.3355859
nssv15170621	0.248151
nssv15170636	0.09458023
nssv15170638	0.039948225
nssv15170640	0.45993018
nssv15170641	0.7435416
nssv15170646	0.078451455
nssv15170647	0.038133383
nssv15170657	0.14185256
nssv15170659	0.012209535
nssv15170663	0.0056892037
nssv15170683	0.006057799
nssv15170710	0.030668378
nssv15170712	0.7536464
nssv15170720	0.012074947
nssv15170728	0.99997824
nssv15170738	0.3016534
nssv15171013	0.0016456842
nssv15171018	0.4818706
nssv15171019	0.34344965
nssv15171020	0.34602386
nssv15171021	0.34344965
nssv15171023	0.34344965
nssv15171024	0.08586949
nssv15171025	0.017172515
nssv15171026	0.0008508563
nssv15171030	0.048458755
nssv15171031	0.86916685
nssv15171036	0.59936225
nssv15171043	0.07450843
nssv15171044	0.14705813
nssv15171047	0.14705813
nssv15171048	0.006689787
nssv15171049	0.002340138
nssv15171050	0.012645721
nssv15171058	0.4323331
nssv15171060	0.012013316
nssv15171064	0.009163737
nssv15171065	0.42791426
nssv15171067	0.36618328
nssv15171071	0.21121335
nssv15171074	0.009685218
nssv15171076	0.12151015
nssv15171078	0.4430163
nssv15171079	0.0036165714
nssv15171086	0.37385517
nssv15171090	0.007308781
nssv15171094	0.3485152
nssv15171095	0.1908269
nssv15171112	0.09458023
nssv15171113	0.09458023
nssv15171117	0.45993018
nssv15171127	0.045078754
nssv15171128	0.04744649
nssv15171131	0.0055674314
nssv15171132	0.8494287
nssv15171134	0.024237156
nssv15171142	0.85147893
nssv15171146	0.13978165
nssv15171151	0.006057799
nssv15171158	0.0766747
nssv15171160	0.06213361
nssv15171161	0.030066133
nssv15171162	0.30477905
nssv15171164	0.027873218
nssv15171166	0.014171183
nssv15171175	0.6864747
nssv15171414	0.0002387166
nssv15223164	0.0037850738
nssv15223182	0.21021038
nssv15223194	1.0
nssv15223196	0.10055709
nssv15223218	0.99860615
nssv15605761	0.9979573
nssv15605762	0.9983161
nssv15605763	0.6926315
nssv15605764	0.99314
nssv15605765	0.95364714
nssv15605766	0.7292423
nssv15605774	0.9713873
nssv15605825	0.99401593
nssv15605838	0.9796182
nssv15605839	0.99817157
nssv15605840	0.9808553
nssv15605841	0.9734112
nssv15605842	0.39927942
nssv15605888	0.99827826
nssv15605889	0.98544365
nssv15605940	0.99930155
nssv15605942	1.0
nssv15605943	0.9999989
nssv15605944	0.99997896
nssv15605946	0.7991691
nssv15605962	0.2057566
nssv15605988	0.93721914
nssv15605992	0.17121124
nssv15605996	0.25820154
nssv15606056	0.9613733
nssv15606057	0.9973518
nssv15606067	0.9611608
nssv15606069	0.62195003
nssv15606071	1.0
nssv15606072	0.9999032
nssv15755114	0.6774494
nssv15755708	1.0
nssv15755722	0.9953122
nssv15771899	0.93592095
nssv15771942	0.5632225
nssv15771977	0.14497948
nssv15772052	0.9999884
nssv15772322	0.92746675
nssv15772355	0.9998521
nssv15772357	0.3234762
nssv15772395	0.79511636
nssv15772429	0.570664
nssv15772618	0.70574415
nssv15772690	0.5059632
nssv15772724	0.55530363
nssv15772792	0.99953306
nssv15772813	0.8476943
nssv15772838	0.42518103
nssv15772851	0.867782
nssv15772935	0.7779004
nssv15772984	0.077284575
nssv15773206	0.9978573
nssv15773220	0.5632225
nssv15773253	0.33886743
nssv15773261	0.9983714
nssv15773264	0.8166861
nssv15773310	0.55530363
nssv15773368	0.58254296
nssv15773401	0.1880399
nssv15773419	0.3045988
nssv15773454	0.58254296
nssv15773505	0.28465104
nssv15773642	0.9992569
nssv15773649	0.5467922
nssv15774334	0.50743026
nssv15774344	0.64583755
nssv15774409	0.8980556
nssv15774611	0.97742397
nssv15774624	0.570664
nssv15774627	0.7295619
nssv15774688	0.9998837
nssv15774780	0.9995333
nssv15774794	0.3234762
nssv15774833	0.5632833
nssv15774836	0.60316944
nssv15774867	0.15646738
nssv15774930	0.94958186
nssv15775017	0.604622
nssv15775163	0.3234762
nssv15775166	0.28465104
nssv15775261	0.29624045
nssv15775400	0.5632225
nssv15775434	0.5467922
nssv15775494	0.29406774
nssv15775517	0.28465104
nssv15775634	0.99048144
nssv15775668	0.22188544
nssv15775709	0.8166861
nssv15775715	0.8476943
nssv15775763	0.99994916
nssv15775803	0.28465104
nssv15775809	0.15646738
nssv15775834	0.43245018
nssv15775904	0.30477905
nssv15775944	0.9064126
nssv15775974	0.9995368
nssv15775992	0.9531461
nssv15776001	0.7159964
nssv15776039	0.50743026
nssv15776120	0.5307502
nssv15776177	0.30477905
nssv15776182	0.43176305
nssv15776209	0.3234762
nssv15776289	0.3234762
nssv15776306	0.5632225
nssv15776374	0.44999808
nssv15776382	0.99827826
nssv15776395	0.1880399
nssv15776405	0.066547275
nssv15776438	0.3234762
nssv15776578	0.9939882
nssv15776629	0.9810991
nssv15776634	0.3234762
nssv15777254	0.52069306
nssv15777267	0.9999375
nssv16091672	0.9999978
nssv16091734	0.999349
nssv16091735	0.9613733
nssv16091809	0.999997
nssv16091850	0.24902159
nssv16091855	0.6150959
nssv16091857	0.18222159
nssv16091858	0.30477905
nssv16091859	0.30477905
nssv16091932	0.83727074
nssv16091944	0.31921428
nssv16091960	0.28390658
nssv16207675	0.30789435
nssv16207677	0.8321376
nssv16207683	0.29214388
nssv16207684	0.20827901
nssv16207687	0.023635507
nssv16207691	0.9314739
nssv16207697	0.9999998
nssv16207698	0.99999964
nssv16207699	0.99999964
nssv16207702	0.99886554
nssv16207710	0.9883594
nssv16207712	0.036796153
nssv16207719	0.030000746
nssv16207731	0.04054284
nssv16207733	0.98738515
nssv16207734	0.99694526
nssv16207735	0.99703324
nssv16207737	0.06835133
nssv16207743	0.99977547
nssv16207750	1.0
nssv16207759	0.9871236
nssv16207760	0.99998844
nssv16207762	1.0
nssv16207765	0.9987648
nssv16207770	0.9884921
nssv16207771	0.93325233
nssv16207773	0.6864747
nssv16207775	0.10352582
nssv16207776	0.10352582
nssv16207885	0.5473598
nssv16207886	0.68375623
nssv16207900	0.99992996
nssv16207905	0.98178005
nssv16207907	0.92037684
nssv16207911	0.93201125
nssv16207920	0.9982297
nssv16207921	0.83458066
nssv16207927	0.8640088
nssv16207930	0.1327318
nssv16207931	0.8996943
nssv16207932	0.7933742
nssv16207933	0.999917
nssv16207934	0.8841743
nssv16208005	0.99736816
nssv16208006	0.99860615
nssv16208007	1.0
nssv16208008	0.9999998
nssv16208009	0.9999953
nssv16208010	0.99892426
nssv16208011	0.9988785
nssv16208012	0.10987723
nssv16208013	0.8980556
nssv16208026	0.033315122
nssv16208028	0.78534997
nssv16208041	0.17054039
nssv16208042	0.17054039
nssv16208047	0.8332997
nssv16208049	1.0
nssv16208050	0.9996896
nssv16208051	0.9889955
nssv16208109	0.41899598
nssv16208110	0.027598858
nssv16208113	0.2792061
nssv16208118	0.18506217
nssv16208120	0.9999998
nssv16208125	0.044621587
nssv16208135	0.8166861
nssv16208136	0.8166861
nssv16208139	0.99826324
nssv16208140	0.9177299
nssv16208145	0.049277663
nssv16208148	0.57871187
nssv16208150	0.9999999
nssv16208155	0.26438117
nssv16208157	0.9800009
nssv16208159	1.0
nssv16208667	0.9819894
nssv16208718	1.0
nssv16208786	1.0
nssv16208787	0.7563664
nssv16208789	0.99541795
nssv16208795	0.11217117
nssv16208799	0.87881243
nssv16208800	0.10307711
nssv16208831	0.9066606
nssv16208832	0.044644296
nssv16208837	0.9999111
nssv16208840	0.8166861
nssv16208853	0.3119352
nssv16208856	0.05920434
nssv16209032	0.9066606
nssv16214793	0.91080564
nssv16215081	0.028056383
nssv16215148	0.032487154
nssv16215151	0.87881243
nssv16215219	0.30133522
nssv16215248	0.9170559
nssv16215302	0.9769318
nssv16215322	0.99991107
nssv16216510	0.6017808
nssv16216513	0.4392053
nssv16216515	0.65933406
nssv16216516	0.7454715
nssv16216524	0.116847575
nssv16216540	0.24200606
nssv16216548	0.5632225
nssv16216549	1.0
nssv16216868	0.93341583
nssv16216877	0.99394274
nssv16216885	1.0
nssv16216888	0.988362
nssv16253974	0.8980556
nssv16254015	0.99860096
nssv16254020	0.037261903
nssv16254049	0.08537114
nssv16254090	0.34719646
nssv16254092	0.1880399
nssv16254164	0.0023882985
nssv16254167	0.4430163
nssv16254221	0.92037684
nssv16254235	0.99570084
nssv16254242	0.97979647
nssv16254334	0.42778283
nssv16254341	0.036593676
nssv16254359	0.99945384
nssv16254422	0.00038087368
nssv16254581	0.16326451
nssv16254586	0.014608264
nssv16254637	0.5993239
nssv16254638	0.9941785
nssv16254639	0.99903804
nssv16254640	0.99903804
nssv16254643	0.78357124
nssv16254825	0.99813265
nssv16254826	0.065712094
nssv16254975	0.009062648
nssv16255049	0.708808
nssv16255051	0.04106754
nssv16255066	0.99860615
nssv16255069	0.8242051
nssv16255165	0.3485152
nssv16255168	0.26013702
nssv16255192	0.99303627
nssv16255193	0.84756464
nssv16255303	0.87881243
nssv16255312	0.046987414
nssv16255350	0.0030539036
nssv16255352	0.04200059
nssv16255353	0.036593676
nssv16255356	0.41899598
nssv16255414	0.036796153
nssv16255420	0.99910647
nssv16255421	0.9999114
nssv16255440	0.37860727
nssv16255490	0.10053551
nssv16255498	0.99999934
nssv16255501	0.009475291
nssv16255536	0.9884361
nssv16255537	0.9999948
nssv16255544	0.20779371
nssv16255643	0.99832934
nssv16255645	0.9943941
nssv16255671	0.41899598
nssv16255679	0.8166861
nssv16255682	0.9971457
nssv16255736	0.99999964
nssv16255737	0.99703544
nssv16255739	0.9615319
nssv16296935	0.99988043
nssv16296937	0.9999995
nssv16296939	0.9295411
nssv16296950	0.032487154
nssv16296979	0.19558567
nssv16297142	0.94776505
nssv16297143	0.99998575
nssv16297144	0.12791365
nssv16297145	0.5344175
nssv16297146	0.7933742
nssv16297147	0.98403996
nssv16736579	0.86682796
nssv16736580	0.86682796
nssv16736604	0.24546564
nssv16736611	0.94794685
nssv16736614	0.95275193
nssv16736630	0.9613733
nssv16736642	0.9613733
nssv16736644	0.95929044
nssv16866498	0.37345046
nssv16867365	0.92135805
nssv16867370	0.9571378
nssv16867373	0.9995547
nssv16867374	0.9999382
nssv16867377	0.99992555
nssv16867386	0.99995846
nssv16867388	0.99827826
nssv16867391	0.9997931
nssv8639797	0.99999607
nssv8640006	0.9805169
